城市,日期,平均AQI,峰值AQI,污染等级,预警颜色,预警提示
七台河,2026-03-25,48.7,48.8,优,绿色,无预警
七台河,2026-03-26,48.7,48.8,优,绿色,无预警
七台河,2026-03-27,48.7,48.8,优,绿色,无预警
七台河,2026-03-28,48.7,48.8,优,绿色,无预警
七台河,2026-03-29,48.7,48.8,优,绿色,无预警
七台河,2026-03-30,48.7,48.8,优,绿色,无预警
七台河,2026-03-31,48.7,48.8,优,绿色,无预警
三亚,2026-03-25,68.4,68.5,良,黄色,无预警
三亚,2026-03-26,68.4,68.5,良,黄色,无预警
三亚,2026-03-27,68.4,68.5,良,黄色,无预警
三亚,2026-03-28,68.4,68.5,良,黄色,无预警
三亚,2026-03-29,68.4,68.5,良,黄色,无预警
三亚,2026-03-30,68.4,68.5,良,黄色,无预警
三亚,2026-03-31,68.4,68.5,良,黄色,无预警
三明,2026-03-25,63.8,63.9,良,黄色,无预警
三明,2026-03-26,63.8,63.9,良,黄色,无预警
三明,2026-03-27,63.8,63.9,良,黄色,无预警
三明,2026-03-28,63.8,63.9,良,黄色,无预警
三明,2026-03-29,63.8,63.9,良,黄色,无预警
三明,2026-03-30,63.8,63.9,良,黄色,无预警
三明,2026-03-31,63.8,63.9,良,黄色,无预警
三沙,2026-03-25,70.6,70.7,良,黄色,无预警
三沙,2026-03-26,70.6,70.6,良,黄色,无预警
三沙,2026-03-27,70.6,70.6,良,黄色,无预警
三沙,2026-03-28,70.6,70.6,良,黄色,无预警
三沙,2026-03-29,70.6,70.6,良,黄色,无预警
三沙,2026-03-30,70.6,70.6,良,黄色,无预警
三沙,2026-03-31,70.6,70.6,良,黄色,无预警
三门峡,2026-03-25,57.9,57.9,良,黄色,无预警
三门峡,2026-03-26,57.8,57.9,良,黄色,无预警
三门峡,2026-03-27,57.8,57.9,良,黄色,无预警
三门峡,2026-03-28,57.8,57.9,良,黄色,无预警
三门峡,2026-03-29,57.8,57.9,良,黄色,无预警
三门峡,2026-03-30,57.8,57.9,良,黄色,无预警
三门峡,2026-03-31,57.8,57.9,良,黄色,无预警
上海,2026-03-25,59.0,59.1,良,黄色,无预警
上海,2026-03-26,59.0,59.1,良,黄色,无预警
上海,2026-03-27,59.0,59.1,良,黄色,无预警
上海,2026-03-28,59.0,59.1,良,黄色,无预警
上海,2026-03-29,59.0,59.1,良,黄色,无预警
上海,2026-03-30,59.0,59.1,良,黄色,无预警
上海,2026-03-31,59.0,59.1,良,黄色,无预警
上饶,2026-03-25,62.5,62.5,良,黄色,无预警
上饶,2026-03-26,62.5,62.5,良,黄色,无预警
上饶,2026-03-27,62.5,62.5,良,黄色,无预警
上饶,2026-03-28,62.5,62.5,良,黄色,无预警
上饶,2026-03-29,62.5,62.5,良,黄色,无预警
上饶,2026-03-30,62.5,62.5,良,黄色,无预警
上饶,2026-03-31,62.5,62.5,良,黄色,无预警
东莞,2026-03-25,67.0,67.2,良,黄色,无预警
东莞,2026-03-26,67.0,67.1,良,黄色,无预警
东莞,2026-03-27,67.0,67.1,良,黄色,无预警
东莞,2026-03-28,67.0,67.1,良,黄色,无预警
东莞,2026-03-29,67.0,67.1,良,黄色,无预警
东莞,2026-03-30,67.0,67.1,良,黄色,无预警
东莞,2026-03-31,67.0,67.1,良,黄色,无预警
东营,2026-03-25,55.2,55.3,良,黄色,无预警
东营,2026-03-26,55.2,55.3,良,黄色,无预警
东营,2026-03-27,55.2,55.3,良,黄色,无预警
东营,2026-03-28,55.2,55.3,良,黄色,无预警
东营,2026-03-29,55.2,55.3,良,黄色,无预警
东营,2026-03-30,55.2,55.3,良,黄色,无预警
东营,2026-03-31,55.2,55.3,良,黄色,无预警
中卫,2026-03-25,56.0,56.1,良,黄色,无预警
中卫,2026-03-26,56.0,56.1,良,黄色,无预警
中卫,2026-03-27,56.0,56.1,良,黄色,无预警
中卫,2026-03-28,56.0,56.1,良,黄色,无预警
中卫,2026-03-29,56.0,56.1,良,黄色,无预警
中卫,2026-03-30,56.0,56.1,良,黄色,无预警
中卫,2026-03-31,56.0,56.1,良,黄色,无预警
中山,2026-03-25,67.0,67.1,良,黄色,无预警
中山,2026-03-26,66.9,67.0,良,黄色,无预警
中山,2026-03-27,66.9,67.0,良,黄色,无预警
中山,2026-03-28,66.9,67.0,良,黄色,无预警
中山,2026-03-29,66.9,67.0,良,黄色,无预警
中山,2026-03-30,66.9,67.0,良,黄色,无预警
中山,2026-03-31,66.9,67.0,良,黄色,无预警
临夏回族自治州,2026-03-25,57.1,57.2,良,黄色,无预警
临夏回族自治州,2026-03-26,57.1,57.2,良,黄色,无预警
临夏回族自治州,2026-03-27,57.1,57.2,良,黄色,无预警
临夏回族自治州,2026-03-28,57.1,57.2,良,黄色,无预警
临夏回族自治州,2026-03-29,57.1,57.2,良,黄色,无预警
临夏回族自治州,2026-03-30,57.1,57.2,良,黄色,无预警
临夏回族自治州,2026-03-31,57.1,57.2,良,黄色,无预警
临汾,2026-03-25,56.6,56.7,良,黄色,无预警
临汾,2026-03-26,56.6,56.7,良,黄色,无预警
临汾,2026-03-27,56.6,56.7,良,黄色,无预警
临汾,2026-03-28,56.6,56.7,良,黄色,无预警
临汾,2026-03-29,56.6,56.7,良,黄色,无预警
临汾,2026-03-30,56.6,56.7,良,黄色,无预警
临汾,2026-03-31,56.6,56.7,良,黄色,无预警
临沂,2026-03-25,56.3,56.4,良,黄色,无预警
临沂,2026-03-26,56.3,56.4,良,黄色,无预警
临沂,2026-03-27,56.3,56.4,良,黄色,无预警
临沂,2026-03-28,56.3,56.4,良,黄色,无预警
临沂,2026-03-29,56.3,56.4,良,黄色,无预警
临沂,2026-03-30,56.3,56.4,良,黄色,无预警
临沂,2026-03-31,56.3,56.4,良,黄色,无预警
临沧,2026-03-25,66.2,66.3,良,黄色,无预警
临沧,2026-03-26,66.2,66.3,良,黄色,无预警
临沧,2026-03-27,66.2,66.3,良,黄色,无预警
临沧,2026-03-28,66.2,66.3,良,黄色,无预警
临沧,2026-03-29,66.2,66.3,良,黄色,无预警
临沧,2026-03-30,66.2,66.3,良,黄色,无预警
临沧,2026-03-31,66.2,66.3,良,黄色,无预警
丹东,2026-03-25,53.0,53.3,良,黄色,无预警
丹东,2026-03-26,53.0,53.3,良,黄色,无预警
丹东,2026-03-27,53.0,53.3,良,黄色,无预警
丹东,2026-03-28,53.0,53.3,良,黄色,无预警
丹东,2026-03-29,53.0,53.3,良,黄色,无预警
丹东,2026-03-30,53.0,53.3,良,黄色,无预警
丹东,2026-03-31,53.0,53.3,良,黄色,无预警
丽水,2026-03-25,61.5,61.5,良,黄色,无预警
丽水,2026-03-26,61.5,61.5,良,黄色,无预警
丽水,2026-03-27,61.5,61.5,良,黄色,无预警
丽水,2026-03-28,61.5,61.5,良,黄色,无预警
丽水,2026-03-29,61.5,61.5,良,黄色,无预警
丽水,2026-03-30,61.5,61.5,良,黄色,无预警
丽水,2026-03-31,61.5,61.5,良,黄色,无预警
丽江,2026-03-25,61.7,61.8,良,黄色,无预警
丽江,2026-03-26,61.7,61.8,良,黄色,无预警
丽江,2026-03-27,61.7,61.8,良,黄色,无预警
丽江,2026-03-28,61.7,61.8,良,黄色,无预警
丽江,2026-03-29,61.7,61.8,良,黄色,无预警
丽江,2026-03-30,61.7,61.8,良,黄色,无预警
丽江,2026-03-31,61.7,61.8,良,黄色,无预警
乌兰察布,2026-03-25,52.7,52.8,良,黄色,无预警
乌兰察布,2026-03-26,52.7,52.8,良,黄色,无预警
乌兰察布,2026-03-27,52.7,52.8,良,黄色,无预警
乌兰察布,2026-03-28,52.7,52.8,良,黄色,无预警
乌兰察布,2026-03-29,52.7,52.8,良,黄色,无预警
乌兰察布,2026-03-30,52.7,52.8,良,黄色,无预警
乌兰察布,2026-03-31,52.7,52.8,良,黄色,无预警
乌海,2026-03-25,53.8,53.9,良,黄色,无预警
乌海,2026-03-26,53.8,53.9,良,黄色,无预警
乌海,2026-03-27,53.8,53.9,良,黄色,无预警
乌海,2026-03-28,53.8,53.9,良,黄色,无预警
乌海,2026-03-29,53.8,53.9,良,黄色,无预警
乌海,2026-03-30,53.8,53.9,良,黄色,无预警
乌海,2026-03-31,53.8,53.9,良,黄色,无预警
乌鲁木齐,2026-03-25,49.1,49.1,优,绿色,无预警
乌鲁木齐,2026-03-26,49.0,49.1,优,绿色,无预警
乌鲁木齐,2026-03-27,49.0,49.1,优,绿色,无预警
乌鲁木齐,2026-03-28,49.0,49.1,优,绿色,无预警
乌鲁木齐,2026-03-29,49.0,49.1,优,绿色,无预警
乌鲁木齐,2026-03-30,49.0,49.1,优,绿色,无预警
乌鲁木齐,2026-03-31,49.0,49.1,优,绿色,无预警
乐山,2026-03-25,61.0,61.1,良,黄色,无预警
乐山,2026-03-26,61.0,61.1,良,黄色,无预警
乐山,2026-03-27,61.0,61.1,良,黄色,无预警
乐山,2026-03-28,61.0,61.1,良,黄色,无预警
乐山,2026-03-29,61.0,61.1,良,黄色,无预警
乐山,2026-03-30,61.0,61.1,良,黄色,无预警
乐山,2026-03-31,61.0,61.1,良,黄色,无预警
九江,2026-03-25,60.9,60.9,良,黄色,无预警
九江,2026-03-26,60.8,60.9,良,黄色,无预警
九江,2026-03-27,60.8,60.9,良,黄色,无预警
九江,2026-03-28,60.8,60.9,良,黄色,无预警
九江,2026-03-29,60.8,60.9,良,黄色,无预警
九江,2026-03-30,60.8,60.9,良,黄色,无预警
九江,2026-03-31,60.8,60.9,良,黄色,无预警
云浮,2026-03-25,67.1,67.2,良,黄色,无预警
云浮,2026-03-26,67.1,67.2,良,黄色,无预警
云浮,2026-03-27,67.1,67.2,良,黄色,无预警
云浮,2026-03-28,67.1,67.2,良,黄色,无预警
云浮,2026-03-29,67.1,67.2,良,黄色,无预警
云浮,2026-03-30,67.1,67.2,良,黄色,无预警
云浮,2026-03-31,67.1,67.2,良,黄色,无预警
亳州,2026-03-25,57.1,57.2,良,黄色,无预警
亳州,2026-03-26,57.1,57.2,良,黄色,无预警
亳州,2026-03-27,57.1,57.2,良,黄色,无预警
亳州,2026-03-28,57.1,57.2,良,黄色,无预警
亳州,2026-03-29,57.1,57.2,良,黄色,无预警
亳州,2026-03-30,57.1,57.2,良,黄色,无预警
亳州,2026-03-31,57.1,57.2,良,黄色,无预警
伊春,2026-03-25,44.9,45.0,优,绿色,无预警
伊春,2026-03-26,44.9,45.0,优,绿色,无预警
伊春,2026-03-27,44.9,45.0,优,绿色,无预警
伊春,2026-03-28,44.9,45.0,优,绿色,无预警
伊春,2026-03-29,44.9,45.0,优,绿色,无预警
伊春,2026-03-30,44.9,45.0,优,绿色,无预警
伊春,2026-03-31,44.9,45.0,优,绿色,无预警
伊犁哈萨克自治州,2026-03-25,49.5,49.5,优,绿色,无预警
伊犁哈萨克自治州,2026-03-26,49.5,49.5,优,绿色,无预警
伊犁哈萨克自治州,2026-03-27,49.5,49.5,优,绿色,无预警
伊犁哈萨克自治州,2026-03-28,49.5,49.5,优,绿色,无预警
伊犁哈萨克自治州,2026-03-29,49.5,49.5,优,绿色,无预警
伊犁哈萨克自治州,2026-03-30,49.5,49.5,优,绿色,无预警
伊犁哈萨克自治州,2026-03-31,49.5,49.5,优,绿色,无预警
佛山,2026-03-25,67.0,67.1,良,黄色,无预警
佛山,2026-03-26,67.0,67.1,良,黄色,无预警
佛山,2026-03-27,67.0,67.1,良,黄色,无预警
佛山,2026-03-28,67.0,67.1,良,黄色,无预警
佛山,2026-03-29,67.0,67.1,良,黄色,无预警
佛山,2026-03-30,67.0,67.1,良,黄色,无预警
佛山,2026-03-31,67.0,67.1,良,黄色,无预警
佳木斯,2026-03-25,46.3,46.4,优,绿色,无预警
佳木斯,2026-03-26,46.3,46.4,优,绿色,无预警
佳木斯,2026-03-27,46.3,46.4,优,绿色,无预警
佳木斯,2026-03-28,46.3,46.4,优,绿色,无预警
佳木斯,2026-03-29,46.3,46.4,优,绿色,无预警
佳木斯,2026-03-30,46.3,46.4,优,绿色,无预警
佳木斯,2026-03-31,46.3,46.4,优,绿色,无预警
保定,2026-03-25,54.3,54.5,良,黄色,无预警
保定,2026-03-26,54.3,54.4,良,黄色,无预警
保定,2026-03-27,54.3,54.4,良,黄色,无预警
保定,2026-03-28,54.3,54.4,良,黄色,无预警
保定,2026-03-29,54.3,54.4,良,黄色,无预警
保定,2026-03-30,54.3,54.4,良,黄色,无预警
保定,2026-03-31,54.3,54.4,良,黄色,无预警
保山,2026-03-25,63.7,63.9,良,黄色,无预警
保山,2026-03-26,63.7,63.8,良,黄色,无预警
保山,2026-03-27,63.7,63.8,良,黄色,无预警
保山,2026-03-28,63.7,63.8,良,黄色,无预警
保山,2026-03-29,63.7,63.8,良,黄色,无预警
保山,2026-03-30,63.7,63.8,良,黄色,无预警
保山,2026-03-31,63.7,63.8,良,黄色,无预警
信阳,2026-03-25,59.2,59.2,良,黄色,无预警
信阳,2026-03-26,59.2,59.2,良,黄色,无预警
信阳,2026-03-27,59.2,59.2,良,黄色,无预警
信阳,2026-03-28,59.2,59.2,良,黄色,无预警
信阳,2026-03-29,59.2,59.2,良,黄色,无预警
信阳,2026-03-30,59.2,59.2,良,黄色,无预警
信阳,2026-03-31,59.2,59.2,良,黄色,无预警
儋州,2026-03-25,69.7,69.8,良,黄色,无预警
儋州,2026-03-26,69.7,69.8,良,黄色,无预警
儋州,2026-03-27,69.7,69.8,良,黄色,无预警
儋州,2026-03-28,69.7,69.8,良,黄色,无预警
儋州,2026-03-29,69.7,69.8,良,黄色,无预警
儋州,2026-03-30,69.7,69.8,良,黄色,无预警
儋州,2026-03-31,69.7,69.8,良,黄色,无预警
克孜勒苏柯尔克孜自治州,2026-03-25,53.1,53.1,良,黄色,无预警
克孜勒苏柯尔克孜自治州,2026-03-26,53.0,53.1,良,黄色,无预警
克孜勒苏柯尔克孜自治州,2026-03-27,53.0,53.1,良,黄色,无预警
克孜勒苏柯尔克孜自治州,2026-03-28,53.0,53.1,良,黄色,无预警
克孜勒苏柯尔克孜自治州,2026-03-29,53.0,53.1,良,黄色,无预警
克孜勒苏柯尔克孜自治州,2026-03-30,53.0,53.1,良,黄色,无预警
克孜勒苏柯尔克孜自治州,2026-03-31,53.0,53.1,良,黄色,无预警
克拉玛依,2026-03-25,47.1,47.2,优,绿色,无预警
克拉玛依,2026-03-26,47.1,47.2,优,绿色,无预警
克拉玛依,2026-03-27,47.1,47.2,优,绿色,无预警
克拉玛依,2026-03-28,47.1,47.2,优,绿色,无预警
克拉玛依,2026-03-29,47.1,47.2,优,绿色,无预警
克拉玛依,2026-03-30,47.1,47.2,优,绿色,无预警
克拉玛依,2026-03-31,47.1,47.2,优,绿色,无预警
六安,2026-03-25,59.3,59.4,良,黄色,无预警
六安,2026-03-26,59.3,59.4,良,黄色,无预警
六安,2026-03-27,59.3,59.4,良,黄色,无预警
六安,2026-03-28,59.3,59.4,良,黄色,无预警
六安,2026-03-29,59.3,59.4,良,黄色,无预警
六安,2026-03-30,59.3,59.4,良,黄色,无预警
六安,2026-03-31,59.3,59.4,良,黄色,无预警
六盘水,2026-03-25,63.4,63.4,良,黄色,无预警
六盘水,2026-03-26,63.4,63.4,良,黄色,无预警
六盘水,2026-03-27,63.4,63.4,良,黄色,无预警
六盘水,2026-03-28,63.4,63.4,良,黄色,无预警
六盘水,2026-03-29,63.4,63.4,良,黄色,无预警
六盘水,2026-03-30,63.4,63.4,良,黄色,无预警
六盘水,2026-03-31,63.4,63.4,良,黄色,无预警
兰州,2026-03-25,55.8,55.9,良,黄色,无预警
兰州,2026-03-26,55.8,55.9,良,黄色,无预警
兰州,2026-03-27,55.8,55.9,良,黄色,无预警
兰州,2026-03-28,55.8,55.9,良,黄色,无预警
兰州,2026-03-29,55.8,55.9,良,黄色,无预警
兰州,2026-03-30,55.8,55.9,良,黄色,无预警
兰州,2026-03-31,55.8,55.9,良,黄色,无预警
兴安盟,2026-03-25,47.8,47.8,优,绿色,无预警
兴安盟,2026-03-26,47.8,47.8,优,绿色,无预警
兴安盟,2026-03-27,47.8,47.8,优,绿色,无预警
兴安盟,2026-03-28,47.8,47.8,优,绿色,无预警
兴安盟,2026-03-29,47.8,47.8,优,绿色,无预警
兴安盟,2026-03-30,47.8,47.8,优,绿色,无预警
兴安盟,2026-03-31,47.8,47.8,优,绿色,无预警
内江,2026-03-25,60.8,60.9,良,黄色,无预警
内江,2026-03-26,60.8,60.9,良,黄色,无预警
内江,2026-03-27,60.8,60.9,良,黄色,无预警
内江,2026-03-28,60.8,60.9,良,黄色,无预警
内江,2026-03-29,60.8,60.9,良,黄色,无预警
内江,2026-03-30,60.8,60.9,良,黄色,无预警
内江,2026-03-31,60.8,60.9,良,黄色,无预警
凉山彝族自治州,2026-03-25,62.3,62.4,良,黄色,无预警
凉山彝族自治州,2026-03-26,62.3,62.4,良,黄色,无预警
凉山彝族自治州,2026-03-27,62.3,62.4,良,黄色,无预警
凉山彝族自治州,2026-03-28,62.3,62.4,良,黄色,无预警
凉山彝族自治州,2026-03-29,62.3,62.4,良,黄色,无预警
凉山彝族自治州,2026-03-30,62.3,62.4,良,黄色,无预警
凉山彝族自治州,2026-03-31,62.3,62.4,良,黄色,无预警
包头,2026-03-25,52.7,52.8,良,黄色,无预警
包头,2026-03-26,52.7,52.8,良,黄色,无预警
包头,2026-03-27,52.7,52.8,良,黄色,无预警
包头,2026-03-28,52.7,52.8,良,黄色,无预警
包头,2026-03-29,52.7,52.8,良,黄色,无预警
包头,2026-03-30,52.7,52.8,良,黄色,无预警
包头,2026-03-31,52.7,52.8,良,黄色,无预警
北京,2026-03-25,52.4,52.5,良,黄色,无预警
北京,2026-03-26,52.4,52.5,良,黄色,无预警
北京,2026-03-27,52.4,52.5,良,黄色,无预警
北京,2026-03-28,52.4,52.5,良,黄色,无预警
北京,2026-03-29,52.4,52.5,良,黄色,无预警
北京,2026-03-30,52.4,52.5,良,黄色,无预警
北京,2026-03-31,52.4,52.5,良,黄色,无预警
北海,2026-03-25,68.8,68.9,良,黄色,无预警
北海,2026-03-26,68.7,68.8,良,黄色,无预警
北海,2026-03-27,68.7,68.8,良,黄色,无预警
北海,2026-03-28,68.7,68.8,良,黄色,无预警
北海,2026-03-29,68.7,68.8,良,黄色,无预警
北海,2026-03-30,68.7,68.8,良,黄色,无预警
北海,2026-03-31,68.7,68.8,良,黄色,无预警
十堰,2026-03-25,58.8,58.9,良,黄色,无预警
十堰,2026-03-26,58.8,58.9,良,黄色,无预警
十堰,2026-03-27,58.8,58.9,良,黄色,无预警
十堰,2026-03-28,58.8,58.9,良,黄色,无预警
十堰,2026-03-29,58.8,58.9,良,黄色,无预警
十堰,2026-03-30,58.8,58.9,良,黄色,无预警
十堰,2026-03-31,58.8,58.9,良,黄色,无预警
南京,2026-03-25,59.1,59.2,良,黄色,无预警
南京,2026-03-26,59.1,59.2,良,黄色,无预警
南京,2026-03-27,59.1,59.2,良,黄色,无预警
南京,2026-03-28,59.1,59.2,良,黄色,无预警
南京,2026-03-29,59.1,59.2,良,黄色,无预警
南京,2026-03-30,59.1,59.2,良,黄色,无预警
南京,2026-03-31,59.1,59.2,良,黄色,无预警
南充,2026-03-25,60.2,60.3,良,黄色,无预警
南充,2026-03-26,60.2,60.3,良,黄色,无预警
南充,2026-03-27,60.2,60.3,良,黄色,无预警
南充,2026-03-28,60.2,60.3,良,黄色,无预警
南充,2026-03-29,60.2,60.3,良,黄色,无预警
南充,2026-03-30,60.2,60.3,良,黄色,无预警
南充,2026-03-31,60.2,60.3,良,黄色,无预警
南宁,2026-03-25,67.1,67.2,良,黄色,无预警
南宁,2026-03-26,67.1,67.2,良,黄色,无预警
南宁,2026-03-27,67.1,67.2,良,黄色,无预警
南宁,2026-03-28,67.1,67.2,良,黄色,无预警
南宁,2026-03-29,67.1,67.2,良,黄色,无预警
南宁,2026-03-30,67.1,67.2,良,黄色,无预警
南宁,2026-03-31,67.1,67.2,良,黄色,无预警
南平,2026-03-25,62.9,63.0,良,黄色,无预警
南平,2026-03-26,62.9,63.0,良,黄色,无预警
南平,2026-03-27,62.9,63.0,良,黄色,无预警
南平,2026-03-28,62.9,63.0,良,黄色,无预警
南平,2026-03-29,62.9,63.0,良,黄色,无预警
南平,2026-03-30,62.9,63.0,良,黄色,无预警
南平,2026-03-31,62.9,63.0,良,黄色,无预警
南昌,2026-03-25,62.5,62.6,良,黄色,无预警
南昌,2026-03-26,62.5,62.5,良,黄色,无预警
南昌,2026-03-27,62.5,62.5,良,黄色,无预警
南昌,2026-03-28,62.5,62.5,良,黄色,无预警
南昌,2026-03-29,62.5,62.5,良,黄色,无预警
南昌,2026-03-30,62.5,62.5,良,黄色,无预警
南昌,2026-03-31,62.5,62.5,良,黄色,无预警
南通,2026-03-25,59.1,59.2,良,黄色,无预警
南通,2026-03-26,59.1,59.2,良,黄色,无预警
南通,2026-03-27,59.1,59.2,良,黄色,无预警
南通,2026-03-28,59.1,59.2,良,黄色,无预警
南通,2026-03-29,59.1,59.2,良,黄色,无预警
南通,2026-03-30,59.1,59.2,良,黄色,无预警
南通,2026-03-31,59.1,59.2,良,黄色,无预警
南阳,2026-03-25,58.8,58.9,良,黄色,无预警
南阳,2026-03-26,58.8,58.9,良,黄色,无预警
南阳,2026-03-27,58.8,58.9,良,黄色,无预警
南阳,2026-03-28,58.8,58.9,良,黄色,无预警
南阳,2026-03-29,58.8,58.9,良,黄色,无预警
南阳,2026-03-30,58.8,58.9,良,黄色,无预警
南阳,2026-03-31,58.8,58.9,良,黄色,无预警
博尔塔拉蒙古自治州,2026-03-25,47.6,47.7,优,绿色,无预警
博尔塔拉蒙古自治州,2026-03-26,47.6,47.7,优,绿色,无预警
博尔塔拉蒙古自治州,2026-03-27,47.6,47.7,优,绿色,无预警
博尔塔拉蒙古自治州,2026-03-28,47.6,47.7,优,绿色,无预警
博尔塔拉蒙古自治州,2026-03-29,47.6,47.7,优,绿色,无预警
博尔塔拉蒙古自治州,2026-03-30,47.6,47.7,优,绿色,无预警
博尔塔拉蒙古自治州,2026-03-31,47.6,47.7,优,绿色,无预警
厦门,2026-03-25,65.9,65.9,良,黄色,无预警
厦门,2026-03-26,65.9,65.9,良,黄色,无预警
厦门,2026-03-27,65.9,65.9,良,黄色,无预警
厦门,2026-03-28,65.9,65.9,良,黄色,无预警
厦门,2026-03-29,65.9,65.9,良,黄色,无预警
厦门,2026-03-30,65.9,65.9,良,黄色,无预警
厦门,2026-03-31,65.9,65.9,良,黄色,无预警
双鸭山,2026-03-25,47.7,47.8,优,绿色,无预警
双鸭山,2026-03-26,47.7,47.8,优,绿色,无预警
双鸭山,2026-03-27,47.7,47.8,优,绿色,无预警
双鸭山,2026-03-28,47.7,47.8,优,绿色,无预警
双鸭山,2026-03-29,47.7,47.8,优,绿色,无预警
双鸭山,2026-03-30,47.7,47.8,优,绿色,无预警
双鸭山,2026-03-31,47.7,47.8,优,绿色,无预警
台州,2026-03-25,62.3,62.4,良,黄色,无预警
台州,2026-03-26,62.3,62.4,良,黄色,无预警
台州,2026-03-27,62.3,62.4,良,黄色,无预警
台州,2026-03-28,62.3,62.4,良,黄色,无预警
台州,2026-03-29,62.3,62.4,良,黄色,无预警
台州,2026-03-30,62.3,62.4,良,黄色,无预警
台州,2026-03-31,62.3,62.4,良,黄色,无预警
合肥,2026-03-25,59.1,59.2,良,黄色,无预警
合肥,2026-03-26,59.1,59.2,良,黄色,无预警
合肥,2026-03-27,59.1,59.2,良,黄色,无预警
合肥,2026-03-28,59.1,59.2,良,黄色,无预警
合肥,2026-03-29,59.1,59.2,良,黄色,无预警
合肥,2026-03-30,59.1,59.2,良,黄色,无预警
合肥,2026-03-31,59.1,59.2,良,黄色,无预警
吉安,2026-03-25,62.4,62.5,良,黄色,无预警
吉安,2026-03-26,62.4,62.5,良,黄色,无预警
吉安,2026-03-27,62.4,62.5,良,黄色,无预警
吉安,2026-03-28,62.4,62.5,良,黄色,无预警
吉安,2026-03-29,62.4,62.5,良,黄色,无预警
吉安,2026-03-30,62.4,62.5,良,黄色,无预警
吉安,2026-03-31,62.4,62.5,良,黄色,无预警
吉林,2026-03-25,49.1,49.3,优,绿色,无预警
吉林,2026-03-26,49.1,49.3,优,绿色,无预警
吉林,2026-03-27,49.1,49.3,优,绿色,无预警
吉林,2026-03-28,49.1,49.3,优,绿色,无预警
吉林,2026-03-29,49.1,49.3,优,绿色,无预警
吉林,2026-03-30,49.1,49.3,优,绿色,无预警
吉林,2026-03-31,49.1,49.3,优,绿色,无预警
吐鲁番,2026-03-25,50.2,50.2,良,黄色,无预警
吐鲁番,2026-03-26,50.2,50.2,良,黄色,无预警
吐鲁番,2026-03-27,50.2,50.2,良,黄色,无预警
吐鲁番,2026-03-28,50.2,50.2,良,黄色,无预警
吐鲁番,2026-03-29,50.2,50.2,良,黄色,无预警
吐鲁番,2026-03-30,50.2,50.2,良,黄色,无预警
吐鲁番,2026-03-31,50.2,50.2,良,黄色,无预警
吕梁,2026-03-25,54.9,55.0,良,黄色,无预警
吕梁,2026-03-26,54.9,55.0,良,黄色,无预警
吕梁,2026-03-27,54.9,55.0,良,黄色,无预警
吕梁,2026-03-28,54.9,55.0,良,黄色,无预警
吕梁,2026-03-29,54.9,55.0,良,黄色,无预警
吕梁,2026-03-30,54.9,55.0,良,黄色,无预警
吕梁,2026-03-31,54.9,55.0,良,黄色,无预警
吴忠,2026-03-25,54.8,54.9,良,黄色,无预警
吴忠,2026-03-26,54.8,54.9,良,黄色,无预警
吴忠,2026-03-27,54.8,54.9,良,黄色,无预警
吴忠,2026-03-28,54.8,54.9,良,黄色,无预警
吴忠,2026-03-29,54.8,54.9,良,黄色,无预警
吴忠,2026-03-30,54.8,54.9,良,黄色,无预警
吴忠,2026-03-31,54.8,54.9,良,黄色,无预警
周口,2026-03-25,57.1,57.2,良,黄色,无预警
周口,2026-03-26,57.1,57.2,良,黄色,无预警
周口,2026-03-27,57.1,57.2,良,黄色,无预警
周口,2026-03-28,57.1,57.2,良,黄色,无预警
周口,2026-03-29,57.1,57.2,良,黄色,无预警
周口,2026-03-30,57.1,57.2,良,黄色,无预警
周口,2026-03-31,57.1,57.2,良,黄色,无预警
呼伦贝尔,2026-03-25,43.5,43.6,优,绿色,无预警
呼伦贝尔,2026-03-26,43.5,43.6,优,绿色,无预警
呼伦贝尔,2026-03-27,43.5,43.6,优,绿色,无预警
呼伦贝尔,2026-03-28,43.5,43.6,优,绿色,无预警
呼伦贝尔,2026-03-29,43.5,43.6,优,绿色,无预警
呼伦贝尔,2026-03-30,43.5,43.6,优,绿色,无预警
呼伦贝尔,2026-03-31,43.5,43.6,优,绿色,无预警
呼和浩特,2026-03-25,51.1,51.1,良,黄色,无预警
呼和浩特,2026-03-26,51.1,51.1,良,黄色,无预警
呼和浩特,2026-03-27,51.1,51.1,良,黄色,无预警
呼和浩特,2026-03-28,51.1,51.1,良,黄色,无预警
呼和浩特,2026-03-29,51.1,51.1,良,黄色,无预警
呼和浩特,2026-03-30,51.1,51.1,良,黄色,无预警
呼和浩特,2026-03-31,51.1,51.1,良,黄色,无预警
和田地区,2026-03-25,54.2,54.3,良,黄色,无预警
和田地区,2026-03-26,54.2,54.3,良,黄色,无预警
和田地区,2026-03-27,54.2,54.3,良,黄色,无预警
和田地区,2026-03-28,54.2,54.3,良,黄色,无预警
和田地区,2026-03-29,54.2,54.3,良,黄色,无预警
和田地区,2026-03-30,54.2,54.3,良,黄色,无预警
和田地区,2026-03-31,54.2,54.3,良,黄色,无预警
咸宁,2026-03-25,61.5,61.6,良,黄色,无预警
咸宁,2026-03-26,61.5,61.5,良,黄色,无预警
咸宁,2026-03-27,61.5,61.5,良,黄色,无预警
咸宁,2026-03-28,61.5,61.5,良,黄色,无预警
咸宁,2026-03-29,61.5,61.5,良,黄色,无预警
咸宁,2026-03-30,61.5,61.5,良,黄色,无预警
咸宁,2026-03-31,61.5,61.5,良,黄色,无预警
咸阳,2026-03-25,58.2,58.3,良,黄色,无预警
咸阳,2026-03-26,58.2,58.3,良,黄色,无预警
咸阳,2026-03-27,58.2,58.3,良,黄色,无预警
咸阳,2026-03-28,58.2,58.3,良,黄色,无预警
咸阳,2026-03-29,58.2,58.3,良,黄色,无预警
咸阳,2026-03-30,58.2,58.3,良,黄色,无预警
咸阳,2026-03-31,58.2,58.3,良,黄色,无预警
哈密,2026-03-25,49.2,49.3,优,绿色,无预警
哈密,2026-03-26,49.2,49.3,优,绿色,无预警
哈密,2026-03-27,49.2,49.3,优,绿色,无预警
哈密,2026-03-28,49.2,49.3,优,绿色,无预警
哈密,2026-03-29,49.2,49.3,优,绿色,无预警
哈密,2026-03-30,49.2,49.3,优,绿色,无预警
哈密,2026-03-31,49.2,49.3,优,绿色,无预警
哈尔滨,2026-03-25,47.2,47.3,优,绿色,无预警
哈尔滨,2026-03-26,47.2,47.3,优,绿色,无预警
哈尔滨,2026-03-27,47.2,47.3,优,绿色,无预警
哈尔滨,2026-03-28,47.2,47.3,优,绿色,无预警
哈尔滨,2026-03-29,47.2,47.3,优,绿色,无预警
哈尔滨,2026-03-30,47.2,47.3,优,绿色,无预警
哈尔滨,2026-03-31,47.2,47.3,优,绿色,无预警
唐山,2026-03-25,53.5,53.6,良,黄色,无预警
唐山,2026-03-26,53.5,53.6,良,黄色,无预警
唐山,2026-03-27,53.5,53.6,良,黄色,无预警
唐山,2026-03-28,53.5,53.6,良,黄色,无预警
唐山,2026-03-29,53.5,53.6,良,黄色,无预警
唐山,2026-03-30,53.5,53.6,良,黄色,无预警
唐山,2026-03-31,53.5,53.6,良,黄色,无预警
商丘,2026-03-25,57.1,57.2,良,黄色,无预警
商丘,2026-03-26,57.1,57.2,良,黄色,无预警
商丘,2026-03-27,57.1,57.2,良,黄色,无预警
商丘,2026-03-28,57.1,57.2,良,黄色,无预警
商丘,2026-03-29,57.1,57.2,良,黄色,无预警
商丘,2026-03-30,57.1,57.2,良,黄色,无预警
商丘,2026-03-31,57.1,57.2,良,黄色,无预警
商洛,2026-03-25,57.1,57.2,良,黄色,无预警
商洛,2026-03-26,57.1,57.2,良,黄色,无预警
商洛,2026-03-27,57.1,57.2,良,黄色,无预警
商洛,2026-03-28,57.1,57.2,良,黄色,无预警
商洛,2026-03-29,57.1,57.2,良,黄色,无预警
商洛,2026-03-30,57.1,57.2,良,黄色,无预警
商洛,2026-03-31,57.1,57.2,良,黄色,无预警
喀什地区,2026-03-25,53.0,53.1,良,黄色,无预警
喀什地区,2026-03-26,53.0,53.1,良,黄色,无预警
喀什地区,2026-03-27,53.0,53.1,良,黄色,无预警
喀什地区,2026-03-28,53.0,53.1,良,黄色,无预警
喀什地区,2026-03-29,53.0,53.1,良,黄色,无预警
喀什地区,2026-03-30,53.0,53.1,良,黄色,无预警
喀什地区,2026-03-31,53.0,53.1,良,黄色,无预警
嘉兴,2026-03-25,60.4,60.4,良,黄色,无预警
嘉兴,2026-03-26,60.4,60.4,良,黄色,无预警
嘉兴,2026-03-27,60.4,60.4,良,黄色,无预警
嘉兴,2026-03-28,60.4,60.4,良,黄色,无预警
嘉兴,2026-03-29,60.4,60.4,良,黄色,无预警
嘉兴,2026-03-30,60.4,60.4,良,黄色,无预警
嘉兴,2026-03-31,60.4,60.4,良,黄色,无预警
嘉峪关,2026-03-25,51.5,51.6,良,黄色,无预警
嘉峪关,2026-03-26,51.5,51.6,良,黄色,无预警
嘉峪关,2026-03-27,51.5,51.6,良,黄色,无预警
嘉峪关,2026-03-28,51.5,51.6,良,黄色,无预警
嘉峪关,2026-03-29,51.5,51.6,良,黄色,无预警
嘉峪关,2026-03-30,51.5,51.6,良,黄色,无预警
嘉峪关,2026-03-31,51.5,51.6,良,黄色,无预警
四平,2026-03-25,48.9,49.0,优,绿色,无预警
四平,2026-03-26,48.9,49.0,优,绿色,无预警
四平,2026-03-27,48.9,49.0,优,绿色,无预警
四平,2026-03-28,48.9,49.0,优,绿色,无预警
四平,2026-03-29,48.9,49.0,优,绿色,无预警
四平,2026-03-30,48.9,49.0,优,绿色,无预警
四平,2026-03-31,48.9,49.0,优,绿色,无预警
固原,2026-03-25,56.2,56.2,良,黄色,无预警
固原,2026-03-26,56.2,56.2,良,黄色,无预警
固原,2026-03-27,56.2,56.2,良,黄色,无预警
固原,2026-03-28,56.2,56.2,良,黄色,无预警
固原,2026-03-29,56.2,56.2,良,黄色,无预警
固原,2026-03-30,56.2,56.2,良,黄色,无预警
固原,2026-03-31,56.2,56.2,良,黄色,无预警
塔城地区,2026-03-25,46.7,46.7,优,绿色,无预警
塔城地区,2026-03-26,46.7,46.7,优,绿色,无预警
塔城地区,2026-03-27,46.7,46.7,优,绿色,无预警
塔城地区,2026-03-28,46.7,46.7,优,绿色,无预警
塔城地区,2026-03-29,46.7,46.7,优,绿色,无预警
塔城地区,2026-03-30,46.7,46.7,优,绿色,无预警
塔城地区,2026-03-31,46.7,46.7,优,绿色,无预警
大兴安岭地区,2026-03-25,43.1,43.1,优,绿色,无预警
大兴安岭地区,2026-03-26,43.1,43.1,优,绿色,无预警
大兴安岭地区,2026-03-27,43.1,43.1,优,绿色,无预警
大兴安岭地区,2026-03-28,43.1,43.1,优,绿色,无预警
大兴安岭地区,2026-03-29,43.1,43.1,优,绿色,无预警
大兴安岭地区,2026-03-30,43.1,43.1,优,绿色,无预警
大兴安岭地区,2026-03-31,43.1,43.1,优,绿色,无预警
大同,2026-03-25,52.9,53.0,良,黄色,无预警
大同,2026-03-26,52.9,53.0,良,黄色,无预警
大同,2026-03-27,52.9,53.0,良,黄色,无预警
大同,2026-03-28,52.9,53.0,良,黄色,无预警
大同,2026-03-29,52.9,53.0,良,黄色,无预警
大同,2026-03-30,52.9,53.0,良,黄色,无预警
大同,2026-03-31,52.9,53.0,良,黄色,无预警
大庆,2026-03-25,47.8,47.8,优,绿色,无预警
大庆,2026-03-26,47.8,47.8,优,绿色,无预警
大庆,2026-03-27,47.8,47.8,优,绿色,无预警
大庆,2026-03-28,47.8,47.8,优,绿色,无预警
大庆,2026-03-29,47.8,47.8,优,绿色,无预警
大庆,2026-03-30,47.8,47.8,优,绿色,无预警
大庆,2026-03-31,47.8,47.8,优,绿色,无预警
大理白族自治州,2026-03-25,66.4,66.8,良,黄色,无预警
大理白族自治州,2026-03-26,66.4,66.5,良,黄色,无预警
大理白族自治州,2026-03-27,66.4,66.5,良,黄色,无预警
大理白族自治州,2026-03-28,66.4,66.5,良,黄色,无预警
大理白族自治州,2026-03-29,66.4,66.5,良,黄色,无预警
大理白族自治州,2026-03-30,66.4,66.5,良,黄色,无预警
大理白族自治州,2026-03-31,66.4,66.5,良,黄色,无预警
大连,2026-03-25,54.3,54.4,良,黄色,无预警
大连,2026-03-26,54.3,54.4,良,黄色,无预警
大连,2026-03-27,54.3,54.4,良,黄色,无预警
大连,2026-03-28,54.3,54.4,良,黄色,无预警
大连,2026-03-29,54.3,54.4,良,黄色,无预警
大连,2026-03-30,54.3,54.4,良,黄色,无预警
大连,2026-03-31,54.3,54.4,良,黄色,无预警
天水,2026-03-25,57.3,57.4,良,黄色,无预警
天水,2026-03-26,57.3,57.3,良,黄色,无预警
天水,2026-03-27,57.3,57.3,良,黄色,无预警
天水,2026-03-28,57.3,57.3,良,黄色,无预警
天水,2026-03-29,57.3,57.3,良,黄色,无预警
天水,2026-03-30,57.3,57.3,良,黄色,无预警
天水,2026-03-31,57.3,57.3,良,黄色,无预警
天津,2026-03-25,53.5,53.6,良,黄色,无预警
天津,2026-03-26,53.5,53.6,良,黄色,无预警
天津,2026-03-27,53.5,53.6,良,黄色,无预警
天津,2026-03-28,53.5,53.6,良,黄色,无预警
天津,2026-03-29,53.5,53.6,良,黄色,无预警
天津,2026-03-30,53.5,53.6,良,黄色,无预警
天津,2026-03-31,53.5,53.6,良,黄色,无预警
太原,2026-03-25,55.8,55.9,良,黄色,无预警
太原,2026-03-26,55.8,55.9,良,黄色,无预警
太原,2026-03-27,55.8,55.9,良,黄色,无预警
太原,2026-03-28,55.8,55.9,良,黄色,无预警
太原,2026-03-29,55.8,55.9,良,黄色,无预警
太原,2026-03-30,55.8,55.9,良,黄色,无预警
太原,2026-03-31,55.8,55.9,良,黄色,无预警
威海,2026-03-25,55.9,55.9,良,黄色,无预警
威海,2026-03-26,55.9,55.9,良,黄色,无预警
威海,2026-03-27,55.9,55.9,良,黄色,无预警
威海,2026-03-28,55.9,55.9,良,黄色,无预警
威海,2026-03-29,55.9,55.9,良,黄色,无预警
威海,2026-03-30,55.9,55.9,良,黄色,无预警
威海,2026-03-31,55.9,55.9,良,黄色,无预警
娄底,2026-03-25,62.8,62.9,良,黄色,无预警
娄底,2026-03-26,62.8,62.9,良,黄色,无预警
娄底,2026-03-27,62.8,62.9,良,黄色,无预警
娄底,2026-03-28,62.8,62.9,良,黄色,无预警
娄底,2026-03-29,62.8,62.9,良,黄色,无预警
娄底,2026-03-30,62.8,62.9,良,黄色,无预警
娄底,2026-03-31,62.8,62.9,良,黄色,无预警
孝感,2026-03-25,60.1,60.1,良,黄色,无预警
孝感,2026-03-26,60.0,60.1,良,黄色,无预警
孝感,2026-03-27,60.0,60.1,良,黄色,无预警
孝感,2026-03-28,60.0,60.1,良,黄色,无预警
孝感,2026-03-29,60.0,60.1,良,黄色,无预警
孝感,2026-03-30,60.0,60.1,良,黄色,无预警
孝感,2026-03-31,60.0,60.1,良,黄色,无预警
宁德,2026-03-25,63.4,63.4,良,黄色,无预警
宁德,2026-03-26,63.4,63.4,良,黄色,无预警
宁德,2026-03-27,63.4,63.4,良,黄色,无预警
宁德,2026-03-28,63.4,63.4,良,黄色,无预警
宁德,2026-03-29,63.4,63.4,良,黄色,无预警
宁德,2026-03-30,63.4,63.4,良,黄色,无预警
宁德,2026-03-31,63.4,63.4,良,黄色,无预警
宁波,2026-03-25,60.0,60.0,良,黄色,无预警
宁波,2026-03-26,60.0,60.0,良,黄色,无预警
宁波,2026-03-27,60.0,60.0,良,黄色,无预警
宁波,2026-03-28,60.0,60.0,良,黄色,无预警
宁波,2026-03-29,60.0,60.0,良,黄色,无预警
宁波,2026-03-30,60.0,60.0,良,黄色,无预警
宁波,2026-03-31,60.0,60.0,良,黄色,无预警
安庆,2026-03-25,60.5,60.6,良,黄色,无预警
安庆,2026-03-26,60.5,60.6,良,黄色,无预警
安庆,2026-03-27,60.5,60.6,良,黄色,无预警
安庆,2026-03-28,60.5,60.6,良,黄色,无预警
安庆,2026-03-29,60.5,60.6,良,黄色,无预警
安庆,2026-03-30,60.5,60.6,良,黄色,无预警
安庆,2026-03-31,60.5,60.6,良,黄色,无预警
安康,2026-03-25,59.2,59.2,良,黄色,无预警
安康,2026-03-26,59.2,59.2,良,黄色,无预警
安康,2026-03-27,59.2,59.2,良,黄色,无预警
安康,2026-03-28,59.2,59.2,良,黄色,无预警
安康,2026-03-29,59.2,59.2,良,黄色,无预警
安康,2026-03-30,59.2,59.2,良,黄色,无预警
安康,2026-03-31,59.2,59.2,良,黄色,无预警
安阳,2026-03-25,56.2,56.2,良,黄色,无预警
安阳,2026-03-26,56.2,56.2,良,黄色,无预警
安阳,2026-03-27,56.2,56.2,良,黄色,无预警
安阳,2026-03-28,56.2,56.2,良,黄色,无预警
安阳,2026-03-29,56.2,56.2,良,黄色,无预警
安阳,2026-03-30,56.2,56.2,良,黄色,无预警
安阳,2026-03-31,56.2,56.2,良,黄色,无预警
安顺,2026-03-25,63.9,63.9,良,黄色,无预警
安顺,2026-03-26,63.9,63.9,良,黄色,无预警
安顺,2026-03-27,63.9,63.9,良,黄色,无预警
安顺,2026-03-28,63.9,63.9,良,黄色,无预警
安顺,2026-03-29,63.9,63.9,良,黄色,无预警
安顺,2026-03-30,63.9,63.9,良,黄色,无预警
安顺,2026-03-31,63.9,63.9,良,黄色,无预警
定西,2026-03-25,54.8,54.8,良,黄色,无预警
定西,2026-03-26,54.8,54.8,良,黄色,无预警
定西,2026-03-27,54.8,54.8,良,黄色,无预警
定西,2026-03-28,54.8,54.8,良,黄色,无预警
定西,2026-03-29,54.8,54.8,良,黄色,无预警
定西,2026-03-30,54.8,54.8,良,黄色,无预警
定西,2026-03-31,54.8,54.8,良,黄色,无预警
宜宾,2026-03-25,62.5,62.5,良,黄色,无预警
宜宾,2026-03-26,62.5,62.5,良,黄色,无预警
宜宾,2026-03-27,62.5,62.5,良,黄色,无预警
宜宾,2026-03-28,62.5,62.5,良,黄色,无预警
宜宾,2026-03-29,62.5,62.5,良,黄色,无预警
宜宾,2026-03-30,62.5,62.5,良,黄色,无预警
宜宾,2026-03-31,62.5,62.5,良,黄色,无预警
宜昌,2026-03-25,60.2,60.3,良,黄色,无预警
宜昌,2026-03-26,60.2,60.3,良,黄色,无预警
宜昌,2026-03-27,60.2,60.3,良,黄色,无预警
宜昌,2026-03-28,60.2,60.3,良,黄色,无预警
宜昌,2026-03-29,60.2,60.3,良,黄色,无预警
宜昌,2026-03-30,60.2,60.3,良,黄色,无预警
宜昌,2026-03-31,60.2,60.3,良,黄色,无预警
宜春,2026-03-25,62.6,62.7,良,黄色,无预警
宜春,2026-03-26,62.6,62.7,良,黄色,无预警
宜春,2026-03-27,62.6,62.7,良,黄色,无预警
宜春,2026-03-28,62.6,62.7,良,黄色,无预警
宜春,2026-03-29,62.6,62.7,良,黄色,无预警
宜春,2026-03-30,62.6,62.7,良,黄色,无预警
宜春,2026-03-31,62.6,62.7,良,黄色,无预警
宝鸡,2026-03-25,57.1,57.2,良,黄色,无预警
宝鸡,2026-03-26,57.1,57.2,良,黄色,无预警
宝鸡,2026-03-27,57.1,57.2,良,黄色,无预警
宝鸡,2026-03-28,57.1,57.2,良,黄色,无预警
宝鸡,2026-03-29,57.1,57.2,良,黄色,无预警
宝鸡,2026-03-30,57.1,57.2,良,黄色,无预警
宝鸡,2026-03-31,57.1,57.2,良,黄色,无预警
宣城,2026-03-25,60.1,60.1,良,黄色,无预警
宣城,2026-03-26,60.1,60.1,良,黄色,无预警
宣城,2026-03-27,60.1,60.1,良,黄色,无预警
宣城,2026-03-28,60.1,60.1,良,黄色,无预警
宣城,2026-03-29,60.1,60.1,良,黄色,无预警
宣城,2026-03-30,60.1,60.1,良,黄色,无预警
宣城,2026-03-31,60.1,60.1,良,黄色,无预警
宿州,2026-03-25,58.2,58.2,良,黄色,无预警
宿州,2026-03-26,58.2,58.2,良,黄色,无预警
宿州,2026-03-27,58.2,58.2,良,黄色,无预警
宿州,2026-03-28,58.2,58.2,良,黄色,无预警
宿州,2026-03-29,58.2,58.2,良,黄色,无预警
宿州,2026-03-30,58.2,58.2,良,黄色,无预警
宿州,2026-03-31,58.2,58.2,良,黄色,无预警
宿迁,2026-03-25,58.2,58.2,良,黄色,无预警
宿迁,2026-03-26,58.2,58.2,良,黄色,无预警
宿迁,2026-03-27,58.2,58.2,良,黄色,无预警
宿迁,2026-03-28,58.2,58.2,良,黄色,无预警
宿迁,2026-03-29,58.2,58.2,良,黄色,无预警
宿迁,2026-03-30,58.2,58.2,良,黄色,无预警
宿迁,2026-03-31,58.2,58.2,良,黄色,无预警
山南,2026-03-25,61.5,61.5,良,黄色,无预警
山南,2026-03-26,61.5,61.5,良,黄色,无预警
山南,2026-03-27,61.5,61.5,良,黄色,无预警
山南,2026-03-28,61.5,61.5,良,黄色,无预警
山南,2026-03-29,61.5,61.5,良,黄色,无预警
山南,2026-03-30,61.5,61.5,良,黄色,无预警
山南,2026-03-31,61.5,61.5,良,黄色,无预警
岳阳,2026-03-25,60.6,60.7,良,黄色,无预警
岳阳,2026-03-26,60.6,60.7,良,黄色,无预警
岳阳,2026-03-27,60.6,60.7,良,黄色,无预警
岳阳,2026-03-28,60.6,60.7,良,黄色,无预警
岳阳,2026-03-29,60.6,60.7,良,黄色,无预警
岳阳,2026-03-30,60.6,60.7,良,黄色,无预警
岳阳,2026-03-31,60.6,60.7,良,黄色,无预警
崇左,2026-03-25,67.1,67.2,良,黄色,无预警
崇左,2026-03-26,67.1,67.2,良,黄色,无预警
崇左,2026-03-27,67.1,67.2,良,黄色,无预警
崇左,2026-03-28,67.1,67.2,良,黄色,无预警
崇左,2026-03-29,67.1,67.2,良,黄色,无预警
崇左,2026-03-30,67.1,67.2,良,黄色,无预警
崇左,2026-03-31,67.1,67.2,良,黄色,无预警
巴中,2026-03-25,58.3,58.4,良,黄色,无预警
巴中,2026-03-26,58.3,58.3,良,黄色,无预警
巴中,2026-03-27,58.3,58.3,良,黄色,无预警
巴中,2026-03-28,58.3,58.3,良,黄色,无预警
巴中,2026-03-29,58.3,58.3,良,黄色,无预警
巴中,2026-03-30,58.3,58.3,良,黄色,无预警
巴中,2026-03-31,58.3,58.3,良,黄色,无预警
巴彦淖尔,2026-03-25,52.7,52.8,良,黄色,无预警
巴彦淖尔,2026-03-26,52.7,52.8,良,黄色,无预警
巴彦淖尔,2026-03-27,52.7,52.8,良,黄色,无预警
巴彦淖尔,2026-03-28,52.7,52.8,良,黄色,无预警
巴彦淖尔,2026-03-29,52.7,52.8,良,黄色,无预警
巴彦淖尔,2026-03-30,52.7,52.8,良,黄色,无预警
巴彦淖尔,2026-03-31,52.7,52.8,良,黄色,无预警
巴音郭楞蒙古自治州,2026-03-25,50.9,51.0,良,黄色,无预警
巴音郭楞蒙古自治州,2026-03-26,50.9,51.0,良,黄色,无预警
巴音郭楞蒙古自治州,2026-03-27,50.9,51.0,良,黄色,无预警
巴音郭楞蒙古自治州,2026-03-28,50.9,51.0,良,黄色,无预警
巴音郭楞蒙古自治州,2026-03-29,50.9,51.0,良,黄色,无预警
巴音郭楞蒙古自治州,2026-03-30,50.9,51.0,良,黄色,无预警
巴音郭楞蒙古自治州,2026-03-31,50.9,51.0,良,黄色,无预警
常州,2026-03-25,59.3,59.4,良,黄色,无预警
常州,2026-03-26,59.3,59.4,良,黄色,无预警
常州,2026-03-27,59.3,59.4,良,黄色,无预警
常州,2026-03-28,59.3,59.4,良,黄色,无预警
常州,2026-03-29,59.3,59.4,良,黄色,无预警
常州,2026-03-30,59.3,59.4,良,黄色,无预警
常州,2026-03-31,59.3,59.4,良,黄色,无预警
常德,2026-03-25,61.4,61.7,良,黄色,无预警
常德,2026-03-26,61.3,61.4,良,黄色,无预警
常德,2026-03-27,61.3,61.4,良,黄色,无预警
常德,2026-03-28,61.3,61.4,良,黄色,无预警
常德,2026-03-29,61.3,61.4,良,黄色,无预警
常德,2026-03-30,61.3,61.4,良,黄色,无预警
常德,2026-03-31,61.3,61.4,良,黄色,无预警
平凉,2026-03-25,55.4,55.5,良,黄色,无预警
平凉,2026-03-26,55.4,55.5,良,黄色,无预警
平凉,2026-03-27,55.4,55.5,良,黄色,无预警
平凉,2026-03-28,55.4,55.5,良,黄色,无预警
平凉,2026-03-29,55.4,55.5,良,黄色,无预警
平凉,2026-03-30,55.4,55.5,良,黄色,无预警
平凉,2026-03-31,55.4,55.5,良,黄色,无预警
平顶山,2026-03-25,57.1,57.2,良,黄色,无预警
平顶山,2026-03-26,57.1,57.2,良,黄色,无预警
平顶山,2026-03-27,57.1,57.2,良,黄色,无预警
平顶山,2026-03-28,57.1,57.2,良,黄色,无预警
平顶山,2026-03-29,57.1,57.2,良,黄色,无预警
平顶山,2026-03-30,57.1,57.2,良,黄色,无预警
平顶山,2026-03-31,57.1,57.2,良,黄色,无预警
广元,2026-03-25,57.5,57.6,良,黄色,无预警
广元,2026-03-26,57.5,57.6,良,黄色,无预警
广元,2026-03-27,57.5,57.6,良,黄色,无预警
广元,2026-03-28,57.5,57.6,良,黄色,无预警
广元,2026-03-29,57.5,57.6,良,黄色,无预警
广元,2026-03-30,57.5,57.6,良,黄色,无预警
广元,2026-03-31,57.5,57.6,良,黄色,无预警
广安,2026-03-25,60.5,60.6,良,黄色,无预警
广安,2026-03-26,60.5,60.6,良,黄色,无预警
广安,2026-03-27,60.5,60.6,良,黄色,无预警
广安,2026-03-28,60.5,60.6,良,黄色,无预警
广安,2026-03-29,60.5,60.6,良,黄色,无预警
广安,2026-03-30,60.5,60.6,良,黄色,无预警
广安,2026-03-31,60.5,60.6,良,黄色,无预警
广州,2026-03-25,67.1,67.4,良,黄色,无预警
广州,2026-03-26,67.1,67.2,良,黄色,无预警
广州,2026-03-27,67.1,67.2,良,黄色,无预警
广州,2026-03-28,67.1,67.2,良,黄色,无预警
广州,2026-03-29,67.1,67.2,良,黄色,无预警
广州,2026-03-30,67.1,67.2,良,黄色,无预警
广州,2026-03-31,67.1,67.2,良,黄色,无预警
庆阳,2026-03-25,56.2,56.3,良,黄色,无预警
庆阳,2026-03-26,56.2,56.2,良,黄色,无预警
庆阳,2026-03-27,56.2,56.2,良,黄色,无预警
庆阳,2026-03-28,56.2,56.2,良,黄色,无预警
庆阳,2026-03-29,56.2,56.2,良,黄色,无预警
庆阳,2026-03-30,56.2,56.2,良,黄色,无预警
庆阳,2026-03-31,56.2,56.2,良,黄色,无预警
廊坊,2026-03-25,53.1,53.1,良,黄色,无预警
廊坊,2026-03-26,53.0,53.1,良,黄色,无预警
廊坊,2026-03-27,53.0,53.1,良,黄色,无预警
廊坊,2026-03-28,53.0,53.1,良,黄色,无预警
廊坊,2026-03-29,53.0,53.1,良,黄色,无预警
廊坊,2026-03-30,53.0,53.1,良,黄色,无预警
廊坊,2026-03-31,53.0,53.1,良,黄色,无预警
延安,2026-03-25,56.6,56.7,良,黄色,无预警
延安,2026-03-26,56.6,56.7,良,黄色,无预警
延安,2026-03-27,56.6,56.7,良,黄色,无预警
延安,2026-03-28,56.6,56.7,良,黄色,无预警
延安,2026-03-29,56.6,56.7,良,黄色,无预警
延安,2026-03-30,56.6,56.7,良,黄色,无预警
延安,2026-03-31,56.6,56.7,良,黄色,无预警
延边朝鲜族自治州,2026-03-25,49.2,49.3,优,绿色,无预警
延边朝鲜族自治州,2026-03-26,49.2,49.3,优,绿色,无预警
延边朝鲜族自治州,2026-03-27,49.2,49.3,优,绿色,无预警
延边朝鲜族自治州,2026-03-28,49.2,49.3,优,绿色,无预警
延边朝鲜族自治州,2026-03-29,49.2,49.3,优,绿色,无预警
延边朝鲜族自治州,2026-03-30,49.2,49.3,优,绿色,无预警
延边朝鲜族自治州,2026-03-31,49.2,49.3,优,绿色,无预警
开封,2026-03-25,57.9,57.9,良,黄色,无预警
开封,2026-03-26,57.9,57.9,良,黄色,无预警
开封,2026-03-27,57.9,57.9,良,黄色,无预警
开封,2026-03-28,57.9,57.9,良,黄色,无预警
开封,2026-03-29,57.9,57.9,良,黄色,无预警
开封,2026-03-30,57.9,57.9,良,黄色,无预警
开封,2026-03-31,57.9,57.9,良,黄色,无预警
张家口,2026-03-25,52.7,52.8,良,黄色,无预警
张家口,2026-03-26,52.7,52.8,良,黄色,无预警
张家口,2026-03-27,52.7,52.8,良,黄色,无预警
张家口,2026-03-28,52.7,52.8,良,黄色,无预警
张家口,2026-03-29,52.7,52.8,良,黄色,无预警
张家口,2026-03-30,52.7,52.8,良,黄色,无预警
张家口,2026-03-31,52.7,52.8,良,黄色,无预警
张家界,2026-03-25,60.6,60.7,良,黄色,无预警
张家界,2026-03-26,60.6,60.7,良,黄色,无预警
张家界,2026-03-27,60.6,60.7,良,黄色,无预警
张家界,2026-03-28,60.6,60.7,良,黄色,无预警
张家界,2026-03-29,60.6,60.7,良,黄色,无预警
张家界,2026-03-30,60.6,60.7,良,黄色,无预警
张家界,2026-03-31,60.6,60.7,良,黄色,无预警
张掖,2026-03-25,54.3,54.4,良,黄色,无预警
张掖,2026-03-26,54.3,54.4,良,黄色,无预警
张掖,2026-03-27,54.3,54.4,良,黄色,无预警
张掖,2026-03-28,54.3,54.4,良,黄色,无预警
张掖,2026-03-29,54.3,54.4,良,黄色,无预警
张掖,2026-03-30,54.3,54.4,良,黄色,无预警
张掖,2026-03-31,54.3,54.4,良,黄色,无预警
徐州,2026-03-25,57.1,57.2,良,黄色,无预警
徐州,2026-03-26,57.1,57.2,良,黄色,无预警
徐州,2026-03-27,57.1,57.2,良,黄色,无预警
徐州,2026-03-28,57.1,57.2,良,黄色,无预警
徐州,2026-03-29,57.1,57.2,良,黄色,无预警
徐州,2026-03-30,57.1,57.2,良,黄色,无预警
徐州,2026-03-31,57.1,57.2,良,黄色,无预警
德宏傣族景颇族自治州,2026-03-25,65.6,65.6,良,黄色,无预警
德宏傣族景颇族自治州,2026-03-26,65.6,65.6,良,黄色,无预警
德宏傣族景颇族自治州,2026-03-27,65.6,65.6,良,黄色,无预警
德宏傣族景颇族自治州,2026-03-28,65.6,65.6,良,黄色,无预警
德宏傣族景颇族自治州,2026-03-29,65.6,65.6,良,黄色,无预警
德宏傣族景颇族自治州,2026-03-30,65.6,65.6,良,黄色,无预警
德宏傣族景颇族自治州,2026-03-31,65.6,65.6,良,黄色,无预警
德州,2026-03-25,54.9,55.0,良,黄色,无预警
德州,2026-03-26,54.9,55.0,良,黄色,无预警
德州,2026-03-27,54.9,55.0,良,黄色,无预警
德州,2026-03-28,54.9,55.0,良,黄色,无预警
德州,2026-03-29,54.9,55.0,良,黄色,无预警
德州,2026-03-30,54.9,55.0,良,黄色,无预警
德州,2026-03-31,54.9,55.0,良,黄色,无预警
德阳,2026-03-25,61.1,61.2,良,黄色,无预警
德阳,2026-03-26,61.1,61.2,良,黄色,无预警
德阳,2026-03-27,61.1,61.2,良,黄色,无预警
德阳,2026-03-28,61.1,61.2,良,黄色,无预警
德阳,2026-03-29,61.1,61.2,良,黄色,无预警
德阳,2026-03-30,61.1,61.2,良,黄色,无预警
德阳,2026-03-31,61.1,61.2,良,黄色,无预警
忻州,2026-03-25,54.8,54.9,良,黄色,无预警
忻州,2026-03-26,54.8,54.9,良,黄色,无预警
忻州,2026-03-27,54.8,54.9,良,黄色,无预警
忻州,2026-03-28,54.8,54.9,良,黄色,无预警
忻州,2026-03-29,54.8,54.9,良,黄色,无预警
忻州,2026-03-30,54.8,54.9,良,黄色,无预警
忻州,2026-03-31,54.8,54.9,良,黄色,无预警
怀化,2026-03-25,61.6,61.6,良,黄色,无预警
怀化,2026-03-26,61.5,61.6,良,黄色,无预警
怀化,2026-03-27,61.5,61.6,良,黄色,无预警
怀化,2026-03-28,61.5,61.6,良,黄色,无预警
怀化,2026-03-29,61.5,61.6,良,黄色,无预警
怀化,2026-03-30,61.5,61.6,良,黄色,无预警
怀化,2026-03-31,61.5,61.6,良,黄色,无预警
怒江傈僳族自治州,2026-03-25,62.9,62.9,良,黄色,无预警
怒江傈僳族自治州,2026-03-26,62.9,62.9,良,黄色,无预警
怒江傈僳族自治州,2026-03-27,62.9,62.9,良,黄色,无预警
怒江傈僳族自治州,2026-03-28,62.9,62.9,良,黄色,无预警
怒江傈僳族自治州,2026-03-29,62.9,62.9,良,黄色,无预警
怒江傈僳族自治州,2026-03-30,62.9,62.9,良,黄色,无预警
怒江傈僳族自治州,2026-03-31,62.9,62.9,良,黄色,无预警
恩施土家族苗族自治州,2026-03-25,61.3,61.3,良,黄色,无预警
恩施土家族苗族自治州,2026-03-26,61.3,61.3,良,黄色,无预警
恩施土家族苗族自治州,2026-03-27,61.3,61.3,良,黄色,无预警
恩施土家族苗族自治州,2026-03-28,61.3,61.3,良,黄色,无预警
恩施土家族苗族自治州,2026-03-29,61.3,61.3,良,黄色,无预警
恩施土家族苗族自治州,2026-03-30,61.3,61.3,良,黄色,无预警
恩施土家族苗族自治州,2026-03-31,61.3,61.3,良,黄色,无预警
惠州,2026-03-25,67.0,67.2,良,黄色,无预警
惠州,2026-03-26,67.0,67.1,良,黄色,无预警
惠州,2026-03-27,67.0,67.1,良,黄色,无预警
惠州,2026-03-28,67.0,67.1,良,黄色,无预警
惠州,2026-03-29,67.0,67.1,良,黄色,无预警
惠州,2026-03-30,67.0,67.1,良,黄色,无预警
惠州,2026-03-31,67.0,67.1,良,黄色,无预警
成都,2026-03-25,60.2,60.3,良,黄色,无预警
成都,2026-03-26,60.2,60.3,良,黄色,无预警
成都,2026-03-27,60.2,60.3,良,黄色,无预警
成都,2026-03-28,60.2,60.3,良,黄色,无预警
成都,2026-03-29,60.2,60.3,良,黄色,无预警
成都,2026-03-30,60.2,60.3,良,黄色,无预警
成都,2026-03-31,60.2,60.3,良,黄色,无预警
扬州,2026-03-25,57.1,57.1,良,黄色,无预警
扬州,2026-03-26,57.0,57.1,良,黄色,无预警
扬州,2026-03-27,57.0,57.1,良,黄色,无预警
扬州,2026-03-28,57.0,57.1,良,黄色,无预警
扬州,2026-03-29,57.0,57.1,良,黄色,无预警
扬州,2026-03-30,57.0,57.1,良,黄色,无预警
扬州,2026-03-31,57.0,57.1,良,黄色,无预警
承德,2026-03-25,52.6,52.6,良,黄色,无预警
承德,2026-03-26,52.6,52.6,良,黄色,无预警
承德,2026-03-27,52.6,52.6,良,黄色,无预警
承德,2026-03-28,52.6,52.6,良,黄色,无预警
承德,2026-03-29,52.6,52.6,良,黄色,无预警
承德,2026-03-30,52.6,52.6,良,黄色,无预警
承德,2026-03-31,52.6,52.6,良,黄色,无预警
抚州,2026-03-25,62.5,62.5,良,黄色,无预警
抚州,2026-03-26,62.5,62.5,良,黄色,无预警
抚州,2026-03-27,62.5,62.5,良,黄色,无预警
抚州,2026-03-28,62.5,62.5,良,黄色,无预警
抚州,2026-03-29,62.5,62.5,良,黄色,无预警
抚州,2026-03-30,62.5,62.5,良,黄色,无预警
抚州,2026-03-31,62.5,62.5,良,黄色,无预警
抚顺,2026-03-25,51.6,51.7,良,黄色,无预警
抚顺,2026-03-26,51.6,51.7,良,黄色,无预警
抚顺,2026-03-27,51.6,51.7,良,黄色,无预警
抚顺,2026-03-28,51.6,51.7,良,黄色,无预警
抚顺,2026-03-29,51.6,51.7,良,黄色,无预警
抚顺,2026-03-30,51.6,51.7,良,黄色,无预警
抚顺,2026-03-31,51.6,51.7,良,黄色,无预警
拉萨,2026-03-25,61.0,61.1,良,黄色,无预警
拉萨,2026-03-26,61.0,61.1,良,黄色,无预警
拉萨,2026-03-27,61.0,61.1,良,黄色,无预警
拉萨,2026-03-28,61.0,61.1,良,黄色,无预警
拉萨,2026-03-29,61.0,61.1,良,黄色,无预警
拉萨,2026-03-30,61.0,61.1,良,黄色,无预警
拉萨,2026-03-31,61.0,61.1,良,黄色,无预警
揭阳,2026-03-25,64.9,65.0,良,黄色,无预警
揭阳,2026-03-26,64.9,65.0,良,黄色,无预警
揭阳,2026-03-27,64.9,65.0,良,黄色,无预警
揭阳,2026-03-28,64.9,65.0,良,黄色,无预警
揭阳,2026-03-29,64.9,65.0,良,黄色,无预警
揭阳,2026-03-30,64.9,65.0,良,黄色,无预警
揭阳,2026-03-31,64.9,65.0,良,黄色,无预警
攀枝花,2026-03-25,61.7,61.8,良,黄色,无预警
攀枝花,2026-03-26,61.7,61.8,良,黄色,无预警
攀枝花,2026-03-27,61.7,61.8,良,黄色,无预警
攀枝花,2026-03-28,61.7,61.8,良,黄色,无预警
攀枝花,2026-03-29,61.7,61.8,良,黄色,无预警
攀枝花,2026-03-30,61.7,61.8,良,黄色,无预警
攀枝花,2026-03-31,61.7,61.8,良,黄色,无预警
文山壮族苗族自治州,2026-03-25,65.7,65.8,良,黄色,无预警
文山壮族苗族自治州,2026-03-26,65.7,65.7,良,黄色,无预警
文山壮族苗族自治州,2026-03-27,65.7,65.7,良,黄色,无预警
文山壮族苗族自治州,2026-03-28,65.7,65.7,良,黄色,无预警
文山壮族苗族自治州,2026-03-29,65.7,65.7,良,黄色,无预警
文山壮族苗族自治州,2026-03-30,65.7,65.7,良,黄色,无预警
文山壮族苗族自治州,2026-03-31,65.7,65.7,良,黄色,无预警
新乡,2026-03-25,57.1,57.1,良,黄色,无预警
新乡,2026-03-26,57.1,57.1,良,黄色,无预警
新乡,2026-03-27,57.1,57.1,良,黄色,无预警
新乡,2026-03-28,57.1,57.1,良,黄色,无预警
新乡,2026-03-29,57.1,57.1,良,黄色,无预警
新乡,2026-03-30,57.1,57.1,良,黄色,无预警
新乡,2026-03-31,57.1,57.1,良,黄色,无预警
新余,2026-03-25,62.6,62.7,良,黄色,无预警
新余,2026-03-26,62.6,62.7,良,黄色,无预警
新余,2026-03-27,62.6,62.7,良,黄色,无预警
新余,2026-03-28,62.6,62.7,良,黄色,无预警
新余,2026-03-29,62.6,62.7,良,黄色,无预警
新余,2026-03-30,62.6,62.7,良,黄色,无预警
新余,2026-03-31,62.6,62.7,良,黄色,无预警
无锡,2026-03-25,60.2,60.3,良,黄色,无预警
无锡,2026-03-26,60.2,60.3,良,黄色,无预警
无锡,2026-03-27,60.2,60.3,良,黄色,无预警
无锡,2026-03-28,60.2,60.3,良,黄色,无预警
无锡,2026-03-29,60.2,60.3,良,黄色,无预警
无锡,2026-03-30,60.2,60.3,良,黄色,无预警
无锡,2026-03-31,60.2,60.3,良,黄色,无预警
日喀则,2026-03-25,60.8,60.9,良,黄色,无预警
日喀则,2026-03-26,60.8,60.9,良,黄色,无预警
日喀则,2026-03-27,60.8,60.9,良,黄色,无预警
日喀则,2026-03-28,60.8,60.9,良,黄色,无预警
日喀则,2026-03-29,60.8,60.9,良,黄色,无预警
日喀则,2026-03-30,60.8,60.9,良,黄色,无预警
日喀则,2026-03-31,60.8,60.9,良,黄色,无预警
日照,2026-03-25,56.3,56.4,良,黄色,无预警
日照,2026-03-26,56.3,56.4,良,黄色,无预警
日照,2026-03-27,56.3,56.4,良,黄色,无预警
日照,2026-03-28,56.3,56.4,良,黄色,无预警
日照,2026-03-29,56.3,56.4,良,黄色,无预警
日照,2026-03-30,56.3,56.4,良,黄色,无预警
日照,2026-03-31,56.3,56.4,良,黄色,无预警
昆明,2026-03-25,64.5,64.6,良,黄色,无预警
昆明,2026-03-26,64.5,64.6,良,黄色,无预警
昆明,2026-03-27,64.5,64.6,良,黄色,无预警
昆明,2026-03-28,64.5,64.6,良,黄色,无预警
昆明,2026-03-29,64.5,64.6,良,黄色,无预警
昆明,2026-03-30,64.5,64.6,良,黄色,无预警
昆明,2026-03-31,64.5,64.6,良,黄色,无预警
昌吉回族自治州,2026-03-25,47.6,47.7,优,绿色,无预警
昌吉回族自治州,2026-03-26,47.6,47.7,优,绿色,无预警
昌吉回族自治州,2026-03-27,47.6,47.7,优,绿色,无预警
昌吉回族自治州,2026-03-28,47.6,47.7,优,绿色,无预警
昌吉回族自治州,2026-03-29,47.6,47.7,优,绿色,无预警
昌吉回族自治州,2026-03-30,47.6,47.7,优,绿色,无预警
昌吉回族自治州,2026-03-31,47.6,47.7,优,绿色,无预警
昌都,2026-03-25,61.8,61.9,良,黄色,无预警
昌都,2026-03-26,61.8,61.9,良,黄色,无预警
昌都,2026-03-27,61.8,61.9,良,黄色,无预警
昌都,2026-03-28,61.8,61.9,良,黄色,无预警
昌都,2026-03-29,61.8,61.9,良,黄色,无预警
昌都,2026-03-30,61.8,61.9,良,黄色,无预警
昌都,2026-03-31,61.8,61.9,良,黄色,无预警
昭通,2026-03-25,62.6,62.7,良,黄色,无预警
昭通,2026-03-26,62.6,62.7,良,黄色,无预警
昭通,2026-03-27,62.6,62.7,良,黄色,无预警
昭通,2026-03-28,62.6,62.7,良,黄色,无预警
昭通,2026-03-29,62.6,62.7,良,黄色,无预警
昭通,2026-03-30,62.6,62.7,良,黄色,无预警
昭通,2026-03-31,62.6,62.7,良,黄色,无预警
晋中,2026-03-25,55.8,55.9,良,黄色,无预警
晋中,2026-03-26,55.8,55.9,良,黄色,无预警
晋中,2026-03-27,55.8,55.9,良,黄色,无预警
晋中,2026-03-28,55.8,55.9,良,黄色,无预警
晋中,2026-03-29,55.8,55.9,良,黄色,无预警
晋中,2026-03-30,55.8,55.9,良,黄色,无预警
晋中,2026-03-31,55.8,55.9,良,黄色,无预警
晋城,2026-03-25,57.1,57.1,良,黄色,无预警
晋城,2026-03-26,57.1,57.1,良,黄色,无预警
晋城,2026-03-27,57.1,57.1,良,黄色,无预警
晋城,2026-03-28,57.1,57.1,良,黄色,无预警
晋城,2026-03-29,57.1,57.1,良,黄色,无预警
晋城,2026-03-30,57.1,57.1,良,黄色,无预警
晋城,2026-03-31,57.1,57.1,良,黄色,无预警
普洱,2026-03-25,66.9,67.0,良,黄色,无预警
普洱,2026-03-26,66.9,67.0,良,黄色,无预警
普洱,2026-03-27,66.9,67.0,良,黄色,无预警
普洱,2026-03-28,66.9,67.0,良,黄色,无预警
普洱,2026-03-29,66.9,67.0,良,黄色,无预警
普洱,2026-03-30,66.9,67.0,良,黄色,无预警
普洱,2026-03-31,66.9,67.0,良,黄色,无预警
景德镇,2026-03-25,61.0,61.2,良,黄色,无预警
景德镇,2026-03-26,61.0,61.2,良,黄色,无预警
景德镇,2026-03-27,61.0,61.2,良,黄色,无预警
景德镇,2026-03-28,61.0,61.2,良,黄色,无预警
景德镇,2026-03-29,61.0,61.2,良,黄色,无预警
景德镇,2026-03-30,61.0,61.2,良,黄色,无预警
景德镇,2026-03-31,61.0,61.2,良,黄色,无预警
曲靖,2026-03-25,64.4,64.5,良,黄色,无预警
曲靖,2026-03-26,64.4,64.5,良,黄色,无预警
曲靖,2026-03-27,64.4,64.5,良,黄色,无预警
曲靖,2026-03-28,64.4,64.5,良,黄色,无预警
曲靖,2026-03-29,64.4,64.5,良,黄色,无预警
曲靖,2026-03-30,64.4,64.5,良,黄色,无预警
曲靖,2026-03-31,64.4,64.5,良,黄色,无预警
朔州,2026-03-25,53.8,53.9,良,黄色,无预警
朔州,2026-03-26,53.8,53.9,良,黄色,无预警
朔州,2026-03-27,53.8,53.9,良,黄色,无预警
朔州,2026-03-28,53.8,53.9,良,黄色,无预警
朔州,2026-03-29,53.8,53.9,良,黄色,无预警
朔州,2026-03-30,53.8,53.9,良,黄色,无预警
朔州,2026-03-31,53.8,53.9,良,黄色,无预警
朝阳,2026-03-25,51.0,51.1,良,黄色,无预警
朝阳,2026-03-26,51.0,51.1,良,黄色,无预警
朝阳,2026-03-27,51.0,51.1,良,黄色,无预警
朝阳,2026-03-28,51.0,51.1,良,黄色,无预警
朝阳,2026-03-29,51.0,51.1,良,黄色,无预警
朝阳,2026-03-30,51.0,51.1,良,黄色,无预警
朝阳,2026-03-31,51.0,51.1,良,黄色,无预警
本溪,2026-03-25,51.0,51.1,良,黄色,无预警
本溪,2026-03-26,51.0,51.1,良,黄色,无预警
本溪,2026-03-27,51.0,51.1,良,黄色,无预警
本溪,2026-03-28,51.0,51.1,良,黄色,无预警
本溪,2026-03-29,51.0,51.1,良,黄色,无预警
本溪,2026-03-30,51.0,51.1,良,黄色,无预警
本溪,2026-03-31,51.0,51.1,良,黄色,无预警
来宾,2026-03-25,66.2,66.5,良,黄色,无预警
来宾,2026-03-26,66.2,66.3,良,黄色,无预警
来宾,2026-03-27,66.2,66.3,良,黄色,无预警
来宾,2026-03-28,66.2,66.3,良,黄色,无预警
来宾,2026-03-29,66.2,66.3,良,黄色,无预警
来宾,2026-03-30,66.2,66.3,良,黄色,无预警
来宾,2026-03-31,66.2,66.3,良,黄色,无预警
杭州,2026-03-25,60.4,60.5,良,黄色,无预警
杭州,2026-03-26,60.4,60.5,良,黄色,无预警
杭州,2026-03-27,60.4,60.5,良,黄色,无预警
杭州,2026-03-28,60.4,60.5,良,黄色,无预警
杭州,2026-03-29,60.4,60.5,良,黄色,无预警
杭州,2026-03-30,60.4,60.5,良,黄色,无预警
杭州,2026-03-31,60.4,60.5,良,黄色,无预警
松原,2026-03-25,47.9,48.0,优,绿色,无预警
松原,2026-03-26,47.9,48.0,优,绿色,无预警
松原,2026-03-27,47.9,48.0,优,绿色,无预警
松原,2026-03-28,47.9,48.0,优,绿色,无预警
松原,2026-03-29,47.9,48.0,优,绿色,无预警
松原,2026-03-30,47.9,48.0,优,绿色,无预警
松原,2026-03-31,47.9,48.0,优,绿色,无预警
林芝,2026-03-25,60.7,60.8,良,黄色,无预警
林芝,2026-03-26,60.7,60.8,良,黄色,无预警
林芝,2026-03-27,60.7,60.8,良,黄色,无预警
林芝,2026-03-28,60.7,60.8,良,黄色,无预警
林芝,2026-03-29,60.7,60.8,良,黄色,无预警
林芝,2026-03-30,60.7,60.8,良,黄色,无预警
林芝,2026-03-31,60.7,60.8,良,黄色,无预警
果洛藏族自治州,2026-03-25,58.2,58.3,良,黄色,无预警
果洛藏族自治州,2026-03-26,58.2,58.3,良,黄色,无预警
果洛藏族自治州,2026-03-27,58.2,58.3,良,黄色,无预警
果洛藏族自治州,2026-03-28,58.2,58.3,良,黄色,无预警
果洛藏族自治州,2026-03-29,58.2,58.3,良,黄色,无预警
果洛藏族自治州,2026-03-30,58.2,58.3,良,黄色,无预警
果洛藏族自治州,2026-03-31,58.2,58.3,良,黄色,无预警
枣庄,2026-03-25,57.1,57.1,良,黄色,无预警
枣庄,2026-03-26,57.1,57.1,良,黄色,无预警
枣庄,2026-03-27,57.1,57.1,良,黄色,无预警
枣庄,2026-03-28,57.1,57.1,良,黄色,无预警
枣庄,2026-03-29,57.1,57.1,良,黄色,无预警
枣庄,2026-03-30,57.1,57.1,良,黄色,无预警
枣庄,2026-03-31,57.1,57.1,良,黄色,无预警
柳州,2026-03-25,65.9,65.9,良,黄色,无预警
柳州,2026-03-26,65.9,65.9,良,黄色,无预警
柳州,2026-03-27,65.9,65.9,良,黄色,无预警
柳州,2026-03-28,65.9,65.9,良,黄色,无预警
柳州,2026-03-29,65.9,65.9,良,黄色,无预警
柳州,2026-03-30,65.9,65.9,良,黄色,无预警
柳州,2026-03-31,65.9,65.9,良,黄色,无预警
株洲,2026-03-25,61.6,61.6,良,黄色,无预警
株洲,2026-03-26,61.5,61.6,良,黄色,无预警
株洲,2026-03-27,61.5,61.6,良,黄色,无预警
株洲,2026-03-28,61.5,61.6,良,黄色,无预警
株洲,2026-03-29,61.5,61.6,良,黄色,无预警
株洲,2026-03-30,61.5,61.6,良,黄色,无预警
株洲,2026-03-31,61.5,61.6,良,黄色,无预警
桂林,2026-03-25,64.6,64.7,良,黄色,无预警
桂林,2026-03-26,64.5,64.6,良,黄色,无预警
桂林,2026-03-27,64.5,64.6,良,黄色,无预警
桂林,2026-03-28,64.5,64.6,良,黄色,无预警
桂林,2026-03-29,64.5,64.6,良,黄色,无预警
桂林,2026-03-30,64.5,64.6,良,黄色,无预警
桂林,2026-03-31,64.5,64.6,良,黄色,无预警
梅州,2026-03-25,67.4,67.5,良,黄色,无预警
梅州,2026-03-26,67.5,67.5,良,黄色,无预警
梅州,2026-03-27,67.5,67.5,良,黄色,无预警
梅州,2026-03-28,67.5,67.5,良,黄色,无预警
梅州,2026-03-29,67.5,67.5,良,黄色,无预警
梅州,2026-03-30,67.5,67.5,良,黄色,无预警
梅州,2026-03-31,67.5,67.5,良,黄色,无预警
梧州,2026-03-25,67.6,67.7,良,黄色,无预警
梧州,2026-03-26,67.6,67.7,良,黄色,无预警
梧州,2026-03-27,67.6,67.7,良,黄色,无预警
梧州,2026-03-28,67.6,67.7,良,黄色,无预警
梧州,2026-03-29,67.6,67.7,良,黄色,无预警
梧州,2026-03-30,67.6,67.7,良,黄色,无预警
梧州,2026-03-31,67.6,67.7,良,黄色,无预警
楚雄彝族自治州,2026-03-25,65.5,65.7,良,黄色,无预警
楚雄彝族自治州,2026-03-26,65.5,65.6,良,黄色,无预警
楚雄彝族自治州,2026-03-27,65.5,65.6,良,黄色,无预警
楚雄彝族自治州,2026-03-28,65.5,65.6,良,黄色,无预警
楚雄彝族自治州,2026-03-29,65.5,65.6,良,黄色,无预警
楚雄彝族自治州,2026-03-30,65.5,65.6,良,黄色,无预警
楚雄彝族自治州,2026-03-31,65.5,65.6,良,黄色,无预警
榆林,2026-03-25,54.8,54.9,良,黄色,无预警
榆林,2026-03-26,54.8,54.9,良,黄色,无预警
榆林,2026-03-27,54.8,54.9,良,黄色,无预警
榆林,2026-03-28,54.8,54.9,良,黄色,无预警
榆林,2026-03-29,54.8,54.9,良,黄色,无预警
榆林,2026-03-30,54.8,54.9,良,黄色,无预警
榆林,2026-03-31,54.8,54.9,良,黄色,无预警
武威,2026-03-25,54.8,54.9,良,黄色,无预警
武威,2026-03-26,54.8,54.9,良,黄色,无预警
武威,2026-03-27,54.8,54.9,良,黄色,无预警
武威,2026-03-28,54.8,54.9,良,黄色,无预警
武威,2026-03-29,54.8,54.9,良,黄色,无预警
武威,2026-03-30,54.8,54.9,良,黄色,无预警
武威,2026-03-31,54.8,54.9,良,黄色,无预警
武汉,2026-03-25,62.0,62.1,良,黄色,无预警
武汉,2026-03-26,62.0,62.1,良,黄色,无预警
武汉,2026-03-27,62.0,62.1,良,黄色,无预警
武汉,2026-03-28,62.0,62.1,良,黄色,无预警
武汉,2026-03-29,62.0,62.1,良,黄色,无预警
武汉,2026-03-30,62.0,62.1,良,黄色,无预警
武汉,2026-03-31,62.0,62.1,良,黄色,无预警
毕节,2026-03-25,61.9,62.0,良,黄色,无预警
毕节,2026-03-26,61.9,62.0,良,黄色,无预警
毕节,2026-03-27,61.9,62.0,良,黄色,无预警
毕节,2026-03-28,61.9,62.0,良,黄色,无预警
毕节,2026-03-29,61.9,62.0,良,黄色,无预警
毕节,2026-03-30,61.9,62.0,良,黄色,无预警
毕节,2026-03-31,61.9,62.0,良,黄色,无预警
永州,2026-03-25,63.9,64.0,良,黄色,无预警
永州,2026-03-26,63.9,63.9,良,黄色,无预警
永州,2026-03-27,63.9,63.9,良,黄色,无预警
永州,2026-03-28,63.9,63.9,良,黄色,无预警
永州,2026-03-29,63.9,63.9,良,黄色,无预警
永州,2026-03-30,63.9,63.9,良,黄色,无预警
永州,2026-03-31,63.9,63.9,良,黄色,无预警
汉中,2026-03-25,58.5,58.6,良,黄色,无预警
汉中,2026-03-26,58.5,58.6,良,黄色,无预警
汉中,2026-03-27,58.5,58.6,良,黄色,无预警
汉中,2026-03-28,58.5,58.6,良,黄色,无预警
汉中,2026-03-29,58.5,58.6,良,黄色,无预警
汉中,2026-03-30,58.5,58.6,良,黄色,无预警
汉中,2026-03-31,58.5,58.6,良,黄色,无预警
汕头,2026-03-25,66.2,66.3,良,黄色,无预警
汕头,2026-03-26,66.2,66.3,良,黄色,无预警
汕头,2026-03-27,66.2,66.3,良,黄色,无预警
汕头,2026-03-28,66.2,66.3,良,黄色,无预警
汕头,2026-03-29,66.2,66.3,良,黄色,无预警
汕头,2026-03-30,66.2,66.3,良,黄色,无预警
汕头,2026-03-31,66.2,66.3,良,黄色,无预警
汕尾,2026-03-25,67.0,67.1,良,黄色,无预警
汕尾,2026-03-26,67.0,67.1,良,黄色,无预警
汕尾,2026-03-27,67.0,67.1,良,黄色,无预警
汕尾,2026-03-28,67.0,67.1,良,黄色,无预警
汕尾,2026-03-29,67.0,67.1,良,黄色,无预警
汕尾,2026-03-30,67.0,67.1,良,黄色,无预警
汕尾,2026-03-31,67.0,67.1,良,黄色,无预警
江门,2026-03-25,66.9,67.0,良,黄色,无预警
江门,2026-03-26,66.9,67.0,良,黄色,无预警
江门,2026-03-27,66.9,67.0,良,黄色,无预警
江门,2026-03-28,66.9,67.0,良,黄色,无预警
江门,2026-03-29,66.9,67.0,良,黄色,无预警
江门,2026-03-30,66.9,67.0,良,黄色,无预警
江门,2026-03-31,66.9,67.0,良,黄色,无预警
池州,2026-03-25,59.3,59.4,良,黄色,无预警
池州,2026-03-26,59.3,59.4,良,黄色,无预警
池州,2026-03-27,59.3,59.4,良,黄色,无预警
池州,2026-03-28,59.3,59.4,良,黄色,无预警
池州,2026-03-29,59.3,59.4,良,黄色,无预警
池州,2026-03-30,59.3,59.4,良,黄色,无预警
池州,2026-03-31,59.3,59.4,良,黄色,无预警
沈阳,2026-03-25,52.6,52.6,良,黄色,无预警
沈阳,2026-03-26,52.6,52.6,良,黄色,无预警
沈阳,2026-03-27,52.6,52.6,良,黄色,无预警
沈阳,2026-03-28,52.6,52.6,良,黄色,无预警
沈阳,2026-03-29,52.6,52.6,良,黄色,无预警
沈阳,2026-03-30,52.6,52.6,良,黄色,无预警
沈阳,2026-03-31,52.6,52.6,良,黄色,无预警
沧州,2026-03-25,54.3,54.4,良,黄色,无预警
沧州,2026-03-26,54.3,54.4,良,黄色,无预警
沧州,2026-03-27,54.3,54.4,良,黄色,无预警
沧州,2026-03-28,54.3,54.4,良,黄色,无预警
沧州,2026-03-29,54.3,54.4,良,黄色,无预警
沧州,2026-03-30,54.3,54.4,良,黄色,无预警
沧州,2026-03-31,54.3,54.4,良,黄色,无预警
河池,2026-03-25,65.2,65.3,良,黄色,无预警
河池,2026-03-26,65.2,65.3,良,黄色,无预警
河池,2026-03-27,65.2,65.3,良,黄色,无预警
河池,2026-03-28,65.2,65.3,良,黄色,无预警
河池,2026-03-29,65.2,65.3,良,黄色,无预警
河池,2026-03-30,65.2,65.3,良,黄色,无预警
河池,2026-03-31,65.2,65.3,良,黄色,无预警
河源,2026-03-25,66.0,66.1,良,黄色,无预警
河源,2026-03-26,66.0,66.1,良,黄色,无预警
河源,2026-03-27,66.0,66.1,良,黄色,无预警
河源,2026-03-28,66.0,66.1,良,黄色,无预警
河源,2026-03-29,66.0,66.1,良,黄色,无预警
河源,2026-03-30,66.0,66.1,良,黄色,无预警
河源,2026-03-31,66.0,66.1,良,黄色,无预警
泉州,2026-03-25,65.5,65.6,良,黄色,无预警
泉州,2026-03-26,65.5,65.6,良,黄色,无预警
泉州,2026-03-27,65.5,65.6,良,黄色,无预警
泉州,2026-03-28,65.5,65.6,良,黄色,无预警
泉州,2026-03-29,65.5,65.6,良,黄色,无预警
泉州,2026-03-30,65.5,65.6,良,黄色,无预警
泉州,2026-03-31,65.5,65.6,良,黄色,无预警
泰安,2026-03-25,55.7,55.7,良,黄色,无预警
泰安,2026-03-26,55.7,55.7,良,黄色,无预警
泰安,2026-03-27,55.7,55.7,良,黄色,无预警
泰安,2026-03-28,55.7,55.7,良,黄色,无预警
泰安,2026-03-29,55.7,55.7,良,黄色,无预警
泰安,2026-03-30,55.7,55.7,良,黄色,无预警
泰安,2026-03-31,55.7,55.7,良,黄色,无预警
泰州,2026-03-25,59.0,59.1,良,黄色,无预警
泰州,2026-03-26,59.0,59.1,良,黄色,无预警
泰州,2026-03-27,59.0,59.1,良,黄色,无预警
泰州,2026-03-28,59.0,59.1,良,黄色,无预警
泰州,2026-03-29,59.0,59.1,良,黄色,无预警
泰州,2026-03-30,59.0,59.1,良,黄色,无预警
泰州,2026-03-31,59.0,59.1,良,黄色,无预警
泸州,2026-03-25,62.5,62.5,良,黄色,无预警
泸州,2026-03-26,62.5,62.5,良,黄色,无预警
泸州,2026-03-27,62.5,62.5,良,黄色,无预警
泸州,2026-03-28,62.5,62.5,良,黄色,无预警
泸州,2026-03-29,62.5,62.5,良,黄色,无预警
泸州,2026-03-30,62.5,62.5,良,黄色,无预警
泸州,2026-03-31,62.5,62.5,良,黄色,无预警
洛阳,2026-03-25,57.8,57.9,良,黄色,无预警
洛阳,2026-03-26,57.8,57.9,良,黄色,无预警
洛阳,2026-03-27,57.8,57.9,良,黄色,无预警
洛阳,2026-03-28,57.8,57.9,良,黄色,无预警
洛阳,2026-03-29,57.8,57.9,良,黄色,无预警
洛阳,2026-03-30,57.8,57.9,良,黄色,无预警
洛阳,2026-03-31,57.8,57.9,良,黄色,无预警
济南,2026-03-25,56.0,56.1,良,黄色,无预警
济南,2026-03-26,56.0,56.1,良,黄色,无预警
济南,2026-03-27,56.0,56.1,良,黄色,无预警
济南,2026-03-28,56.0,56.1,良,黄色,无预警
济南,2026-03-29,56.0,56.1,良,黄色,无预警
济南,2026-03-30,56.0,56.1,良,黄色,无预警
济南,2026-03-31,56.0,56.1,良,黄色,无预警
济宁,2026-03-25,56.2,56.2,良,黄色,无预警
济宁,2026-03-26,56.2,56.2,良,黄色,无预警
济宁,2026-03-27,56.2,56.2,良,黄色,无预警
济宁,2026-03-28,56.2,56.2,良,黄色,无预警
济宁,2026-03-29,56.2,56.2,良,黄色,无预警
济宁,2026-03-30,56.2,56.2,良,黄色,无预警
济宁,2026-03-31,56.2,56.2,良,黄色,无预警
海东,2026-03-25,55.7,55.7,良,黄色,无预警
海东,2026-03-26,55.7,55.7,良,黄色,无预警
海东,2026-03-27,55.7,55.7,良,黄色,无预警
海东,2026-03-28,55.7,55.7,良,黄色,无预警
海东,2026-03-29,55.7,55.7,良,黄色,无预警
海东,2026-03-30,55.7,55.7,良,黄色,无预警
海东,2026-03-31,55.7,55.7,良,黄色,无预警
海北藏族自治州,2026-03-25,55.1,55.1,良,黄色,无预警
海北藏族自治州,2026-03-26,55.1,55.1,良,黄色,无预警
海北藏族自治州,2026-03-27,55.1,55.1,良,黄色,无预警
海北藏族自治州,2026-03-28,55.1,55.1,良,黄色,无预警
海北藏族自治州,2026-03-29,55.1,55.1,良,黄色,无预警
海北藏族自治州,2026-03-30,55.1,55.1,良,黄色,无预警
海北藏族自治州,2026-03-31,55.1,55.1,良,黄色,无预警
海南藏族自治州,2026-03-25,56.6,56.7,良,黄色,无预警
海南藏族自治州,2026-03-26,56.6,56.7,良,黄色,无预警
海南藏族自治州,2026-03-27,56.6,56.7,良,黄色,无预警
海南藏族自治州,2026-03-28,56.6,56.7,良,黄色,无预警
海南藏族自治州,2026-03-29,56.6,56.7,良,黄色,无预警
海南藏族自治州,2026-03-30,56.6,56.7,良,黄色,无预警
海南藏族自治州,2026-03-31,56.6,56.7,良,黄色,无预警
海口,2026-03-25,69.7,69.8,良,黄色,无预警
海口,2026-03-26,69.7,69.8,良,黄色,无预警
海口,2026-03-27,69.7,69.8,良,黄色,无预警
海口,2026-03-28,69.7,69.8,良,黄色,无预警
海口,2026-03-29,69.7,69.8,良,黄色,无预警
海口,2026-03-30,69.7,69.8,良,黄色,无预警
海口,2026-03-31,69.7,69.8,良,黄色,无预警
海西蒙古族藏族自治州,2026-03-25,55.2,55.3,良,黄色,无预警
海西蒙古族藏族自治州,2026-03-26,55.2,55.3,良,黄色,无预警
海西蒙古族藏族自治州,2026-03-27,55.2,55.3,良,黄色,无预警
海西蒙古族藏族自治州,2026-03-28,55.2,55.3,良,黄色,无预警
海西蒙古族藏族自治州,2026-03-29,55.2,55.3,良,黄色,无预警
海西蒙古族藏族自治州,2026-03-30,55.2,55.3,良,黄色,无预警
海西蒙古族藏族自治州,2026-03-31,55.2,55.3,良,黄色,无预警
淄博,2026-03-25,56.0,56.1,良,黄色,无预警
淄博,2026-03-26,56.0,56.1,良,黄色,无预警
淄博,2026-03-27,56.0,56.1,良,黄色,无预警
淄博,2026-03-28,56.0,56.1,良,黄色,无预警
淄博,2026-03-29,56.0,56.1,良,黄色,无预警
淄博,2026-03-30,56.0,56.1,良,黄色,无预警
淄博,2026-03-31,56.0,56.1,良,黄色,无预警
淮北,2026-03-25,58.2,58.2,良,黄色,无预警
淮北,2026-03-26,58.2,58.2,良,黄色,无预警
淮北,2026-03-27,58.2,58.2,良,黄色,无预警
淮北,2026-03-28,58.2,58.2,良,黄色,无预警
淮北,2026-03-29,58.2,58.2,良,黄色,无预警
淮北,2026-03-30,58.2,58.2,良,黄色,无预警
淮北,2026-03-31,58.2,58.2,良,黄色,无预警
淮南,2026-03-25,59.3,59.4,良,黄色,无预警
淮南,2026-03-26,59.3,59.4,良,黄色,无预警
淮南,2026-03-27,59.3,59.4,良,黄色,无预警
淮南,2026-03-28,59.3,59.4,良,黄色,无预警
淮南,2026-03-29,59.3,59.4,良,黄色,无预警
淮南,2026-03-30,59.3,59.4,良,黄色,无预警
淮南,2026-03-31,59.3,59.4,良,黄色,无预警
淮安,2026-03-25,58.2,58.2,良,黄色,无预警
淮安,2026-03-26,58.2,58.2,良,黄色,无预警
淮安,2026-03-27,58.2,58.2,良,黄色,无预警
淮安,2026-03-28,58.2,58.2,良,黄色,无预警
淮安,2026-03-29,58.2,58.2,良,黄色,无预警
淮安,2026-03-30,58.2,58.2,良,黄色,无预警
淮安,2026-03-31,58.2,58.2,良,黄色,无预警
深圳,2026-03-25,67.1,67.7,良,黄色,无预警
深圳,2026-03-26,67.1,67.2,良,黄色,无预警
深圳,2026-03-27,67.1,67.2,良,黄色,无预警
深圳,2026-03-28,67.1,67.2,良,黄色,无预警
深圳,2026-03-29,67.1,67.2,良,黄色,无预警
深圳,2026-03-30,67.1,67.2,良,黄色,无预警
深圳,2026-03-31,67.1,67.2,良,黄色,无预警
清远,2026-03-25,66.2,66.4,良,黄色,无预警
清远,2026-03-26,66.2,66.3,良,黄色,无预警
清远,2026-03-27,66.2,66.3,良,黄色,无预警
清远,2026-03-28,66.2,66.3,良,黄色,无预警
清远,2026-03-29,66.2,66.3,良,黄色,无预警
清远,2026-03-30,66.2,66.3,良,黄色,无预警
清远,2026-03-31,66.2,66.3,良,黄色,无预警
温州,2026-03-25,63.9,64.0,良,黄色,无预警
温州,2026-03-26,63.9,64.0,良,黄色,无预警
温州,2026-03-27,63.9,64.0,良,黄色,无预警
温州,2026-03-28,63.9,64.0,良,黄色,无预警
温州,2026-03-29,63.9,64.0,良,黄色,无预警
温州,2026-03-30,63.9,64.0,良,黄色,无预警
温州,2026-03-31,63.9,64.0,良,黄色,无预警
渭南,2026-03-25,58.2,58.3,良,黄色,无预警
渭南,2026-03-26,58.2,58.3,良,黄色,无预警
渭南,2026-03-27,58.2,58.3,良,黄色,无预警
渭南,2026-03-28,58.2,58.3,良,黄色,无预警
渭南,2026-03-29,58.2,58.3,良,黄色,无预警
渭南,2026-03-30,58.2,58.3,良,黄色,无预警
渭南,2026-03-31,58.2,58.3,良,黄色,无预警
湖州,2026-03-25,60.2,60.3,良,黄色,无预警
湖州,2026-03-26,60.2,60.3,良,黄色,无预警
湖州,2026-03-27,60.2,60.3,良,黄色,无预警
湖州,2026-03-28,60.2,60.3,良,黄色,无预警
湖州,2026-03-29,60.2,60.3,良,黄色,无预警
湖州,2026-03-30,60.2,60.3,良,黄色,无预警
湖州,2026-03-31,60.2,60.3,良,黄色,无预警
湘潭,2026-03-25,62.3,62.4,良,黄色,无预警
湘潭,2026-03-26,62.3,62.4,良,黄色,无预警
湘潭,2026-03-27,62.3,62.4,良,黄色,无预警
湘潭,2026-03-28,62.3,62.4,良,黄色,无预警
湘潭,2026-03-29,62.3,62.4,良,黄色,无预警
湘潭,2026-03-30,62.3,62.4,良,黄色,无预警
湘潭,2026-03-31,62.3,62.4,良,黄色,无预警
湘西土家族苗族自治州,2026-03-25,62.5,62.5,良,黄色,无预警
湘西土家族苗族自治州,2026-03-26,62.5,62.5,良,黄色,无预警
湘西土家族苗族自治州,2026-03-27,62.5,62.5,良,黄色,无预警
湘西土家族苗族自治州,2026-03-28,62.5,62.5,良,黄色,无预警
湘西土家族苗族自治州,2026-03-29,62.5,62.5,良,黄色,无预警
湘西土家族苗族自治州,2026-03-30,62.5,62.5,良,黄色,无预警
湘西土家族苗族自治州,2026-03-31,62.5,62.5,良,黄色,无预警
湛江,2026-03-25,67.5,67.5,良,黄色,无预警
湛江,2026-03-26,67.5,67.5,良,黄色,无预警
湛江,2026-03-27,67.5,67.5,良,黄色,无预警
湛江,2026-03-28,67.5,67.5,良,黄色,无预警
湛江,2026-03-29,67.5,67.5,良,黄色,无预警
湛江,2026-03-30,67.5,67.5,良,黄色,无预警
湛江,2026-03-31,67.5,67.5,良,黄色,无预警
滁州,2026-03-25,59.2,59.2,良,黄色,无预警
滁州,2026-03-26,59.2,59.2,良,黄色,无预警
滁州,2026-03-27,59.2,59.2,良,黄色,无预警
滁州,2026-03-28,59.2,59.2,良,黄色,无预警
滁州,2026-03-29,59.2,59.2,良,黄色,无预警
滁州,2026-03-30,59.2,59.2,良,黄色,无预警
滁州,2026-03-31,59.2,59.2,良,黄色,无预警
滨州,2026-03-25,54.9,55.0,良,黄色,无预警
滨州,2026-03-26,54.9,55.0,良,黄色,无预警
滨州,2026-03-27,54.9,55.0,良,黄色,无预警
滨州,2026-03-28,54.9,55.0,良,黄色,无预警
滨州,2026-03-29,54.9,55.0,良,黄色,无预警
滨州,2026-03-30,54.9,55.0,良,黄色,无预警
滨州,2026-03-31,54.9,55.0,良,黄色,无预警
漯河,2026-03-25,57.2,57.3,良,黄色,无预警
漯河,2026-03-26,57.2,57.3,良,黄色,无预警
漯河,2026-03-27,57.2,57.3,良,黄色,无预警
漯河,2026-03-28,57.2,57.3,良,黄色,无预警
漯河,2026-03-29,57.2,57.3,良,黄色,无预警
漯河,2026-03-30,57.2,57.3,良,黄色,无预警
漯河,2026-03-31,57.2,57.3,良,黄色,无预警
漳州,2026-03-25,63.8,63.8,良,黄色,无预警
漳州,2026-03-26,63.8,63.8,良,黄色,无预警
漳州,2026-03-27,63.8,63.8,良,黄色,无预警
漳州,2026-03-28,63.8,63.8,良,黄色,无预警
漳州,2026-03-29,63.8,63.8,良,黄色,无预警
漳州,2026-03-30,63.8,63.8,良,黄色,无预警
漳州,2026-03-31,63.8,63.8,良,黄色,无预警
潍坊,2026-03-25,55.4,55.5,良,黄色,无预警
潍坊,2026-03-26,55.4,55.5,良,黄色,无预警
潍坊,2026-03-27,55.4,55.5,良,黄色,无预警
潍坊,2026-03-28,55.4,55.5,良,黄色,无预警
潍坊,2026-03-29,55.4,55.5,良,黄色,无预警
潍坊,2026-03-30,55.4,55.5,良,黄色,无预警
潍坊,2026-03-31,55.4,55.5,良,黄色,无预警
潮州,2026-03-25,65.7,65.7,良,黄色,无预警
潮州,2026-03-26,65.7,65.7,良,黄色,无预警
潮州,2026-03-27,65.7,65.7,良,黄色,无预警
潮州,2026-03-28,65.7,65.7,良,黄色,无预警
潮州,2026-03-29,65.7,65.7,良,黄色,无预警
潮州,2026-03-30,65.7,65.7,良,黄色,无预警
潮州,2026-03-31,65.7,65.7,良,黄色,无预警
濮阳,2026-03-25,57.1,57.2,良,黄色,无预警
濮阳,2026-03-26,57.1,57.2,良,黄色,无预警
濮阳,2026-03-27,57.1,57.2,良,黄色,无预警
濮阳,2026-03-28,57.1,57.2,良,黄色,无预警
濮阳,2026-03-29,57.1,57.2,良,黄色,无预警
濮阳,2026-03-30,57.1,57.2,良,黄色,无预警
濮阳,2026-03-31,57.1,57.2,良,黄色,无预警
烟台,2026-03-25,55.9,55.9,良,黄色,无预警
烟台,2026-03-26,55.9,55.9,良,黄色,无预警
烟台,2026-03-27,55.9,55.9,良,黄色,无预警
烟台,2026-03-28,55.9,55.9,良,黄色,无预警
烟台,2026-03-29,55.9,55.9,良,黄色,无预警
烟台,2026-03-30,55.9,55.9,良,黄色,无预警
烟台,2026-03-31,55.9,55.9,良,黄色,无预警
焦作,2026-03-25,57.9,57.9,良,黄色,无预警
焦作,2026-03-26,57.9,57.9,良,黄色,无预警
焦作,2026-03-27,57.9,57.9,良,黄色,无预警
焦作,2026-03-28,57.9,57.9,良,黄色,无预警
焦作,2026-03-29,57.9,57.9,良,黄色,无预警
焦作,2026-03-30,57.9,57.9,良,黄色,无预警
焦作,2026-03-31,57.9,57.9,良,黄色,无预警
牡丹江,2026-03-25,47.9,48.0,优,绿色,无预警
牡丹江,2026-03-26,47.9,48.0,优,绿色,无预警
牡丹江,2026-03-27,47.9,48.0,优,绿色,无预警
牡丹江,2026-03-28,47.9,48.0,优,绿色,无预警
牡丹江,2026-03-29,47.9,48.0,优,绿色,无预警
牡丹江,2026-03-30,47.9,48.0,优,绿色,无预警
牡丹江,2026-03-31,47.9,48.0,优,绿色,无预警
玉林,2026-03-25,66.9,67.2,良,黄色,无预警
玉林,2026-03-26,66.9,67.0,良,黄色,无预警
玉林,2026-03-27,66.9,67.0,良,黄色,无预警
玉林,2026-03-28,66.9,67.0,良,黄色,无预警
玉林,2026-03-29,66.9,67.0,良,黄色,无预警
玉林,2026-03-30,66.9,67.0,良,黄色,无预警
玉林,2026-03-31,66.9,67.0,良,黄色,无预警
玉树藏族自治州,2026-03-25,58.5,58.6,良,黄色,无预警
玉树藏族自治州,2026-03-26,58.5,58.6,良,黄色,无预警
玉树藏族自治州,2026-03-27,58.5,58.6,良,黄色,无预警
玉树藏族自治州,2026-03-28,58.5,58.6,良,黄色,无预警
玉树藏族自治州,2026-03-29,58.5,58.6,良,黄色,无预警
玉树藏族自治州,2026-03-30,58.5,58.6,良,黄色,无预警
玉树藏族自治州,2026-03-31,58.5,58.6,良,黄色,无预警
玉溪,2026-03-25,65.6,65.6,良,黄色,无预警
玉溪,2026-03-26,65.6,65.6,良,黄色,无预警
玉溪,2026-03-27,65.6,65.6,良,黄色,无预警
玉溪,2026-03-28,65.6,65.6,良,黄色,无预警
玉溪,2026-03-29,65.6,65.6,良,黄色,无预警
玉溪,2026-03-30,65.6,65.6,良,黄色,无预警
玉溪,2026-03-31,65.6,65.6,良,黄色,无预警
珠海,2026-03-25,65.9,66.0,良,黄色,无预警
珠海,2026-03-26,65.9,65.9,良,黄色,无预警
珠海,2026-03-27,65.9,65.9,良,黄色,无预警
珠海,2026-03-28,65.9,65.9,良,黄色,无预警
珠海,2026-03-29,65.9,65.9,良,黄色,无预警
珠海,2026-03-30,65.9,65.9,良,黄色,无预警
珠海,2026-03-31,65.9,65.9,良,黄色,无预警
甘南藏族自治州,2026-03-25,57.9,57.9,良,黄色,无预警
甘南藏族自治州,2026-03-26,57.9,57.9,良,黄色,无预警
甘南藏族自治州,2026-03-27,57.9,57.9,良,黄色,无预警
甘南藏族自治州,2026-03-28,57.9,57.9,良,黄色,无预警
甘南藏族自治州,2026-03-29,57.9,57.9,良,黄色,无预警
甘南藏族自治州,2026-03-30,57.9,57.9,良,黄色,无预警
甘南藏族自治州,2026-03-31,57.9,57.9,良,黄色,无预警
甘孜藏族自治州,2026-03-25,58.3,58.3,良,黄色,无预警
甘孜藏族自治州,2026-03-26,58.3,58.3,良,黄色,无预警
甘孜藏族自治州,2026-03-27,58.3,58.3,良,黄色,无预警
甘孜藏族自治州,2026-03-28,58.3,58.3,良,黄色,无预警
甘孜藏族自治州,2026-03-29,58.3,58.3,良,黄色,无预警
甘孜藏族自治州,2026-03-30,58.3,58.3,良,黄色,无预警
甘孜藏族自治州,2026-03-31,58.3,58.3,良,黄色,无预警
白城,2026-03-25,47.5,47.6,优,绿色,无预警
白城,2026-03-26,47.5,47.6,优,绿色,无预警
白城,2026-03-27,47.5,47.6,优,绿色,无预警
白城,2026-03-28,47.5,47.6,优,绿色,无预警
白城,2026-03-29,47.5,47.6,优,绿色,无预警
白城,2026-03-30,47.5,47.6,优,绿色,无预警
白城,2026-03-31,47.5,47.6,优,绿色,无预警
白山,2026-03-25,51.9,51.9,良,黄色,无预警
白山,2026-03-26,51.8,51.9,良,黄色,无预警
白山,2026-03-27,51.8,51.9,良,黄色,无预警
白山,2026-03-28,51.8,51.9,良,黄色,无预警
白山,2026-03-29,51.8,51.9,良,黄色,无预警
白山,2026-03-30,51.8,51.9,良,黄色,无预警
白山,2026-03-31,51.8,51.9,良,黄色,无预警
白银,2026-03-25,56.0,56.1,良,黄色,无预警
白银,2026-03-26,56.0,56.1,良,黄色,无预警
白银,2026-03-27,56.0,56.1,良,黄色,无预警
白银,2026-03-28,56.0,56.1,良,黄色,无预警
白银,2026-03-29,56.0,56.1,良,黄色,无预警
白银,2026-03-30,56.0,56.1,良,黄色,无预警
白银,2026-03-31,56.0,56.1,良,黄色,无预警
百色,2026-03-25,66.0,66.1,良,黄色,无预警
百色,2026-03-26,66.0,66.1,良,黄色,无预警
百色,2026-03-27,66.0,66.1,良,黄色,无预警
百色,2026-03-28,66.0,66.1,良,黄色,无预警
百色,2026-03-29,66.0,66.1,良,黄色,无预警
百色,2026-03-30,66.0,66.1,良,黄色,无预警
百色,2026-03-31,66.0,66.1,良,黄色,无预警
益阳,2026-03-25,61.5,61.5,良,黄色,无预警
益阳,2026-03-26,61.5,61.5,良,黄色,无预警
益阳,2026-03-27,61.5,61.5,良,黄色,无预警
益阳,2026-03-28,61.5,61.5,良,黄色,无预警
益阳,2026-03-29,61.5,61.5,良,黄色,无预警
益阳,2026-03-30,61.5,61.5,良,黄色,无预警
益阳,2026-03-31,61.5,61.5,良,黄色,无预警
盐城,2026-03-25,56.4,56.4,良,黄色,无预警
盐城,2026-03-26,56.4,56.4,良,黄色,无预警
盐城,2026-03-27,56.4,56.4,良,黄色,无预警
盐城,2026-03-28,56.4,56.4,良,黄色,无预警
盐城,2026-03-29,56.4,56.4,良,黄色,无预警
盐城,2026-03-30,56.4,56.4,良,黄色,无预警
盐城,2026-03-31,56.4,56.4,良,黄色,无预警
盘锦,2026-03-25,51.9,52.0,良,黄色,无预警
盘锦,2026-03-26,51.9,52.0,良,黄色,无预警
盘锦,2026-03-27,51.9,52.0,良,黄色,无预警
盘锦,2026-03-28,51.9,52.0,良,黄色,无预警
盘锦,2026-03-29,51.9,52.0,良,黄色,无预警
盘锦,2026-03-30,51.9,52.0,良,黄色,无预警
盘锦,2026-03-31,51.9,52.0,良,黄色,无预警
眉山,2026-03-25,60.4,60.5,良,黄色,无预警
眉山,2026-03-26,60.4,60.5,良,黄色,无预警
眉山,2026-03-27,60.4,60.5,良,黄色,无预警
眉山,2026-03-28,60.4,60.5,良,黄色,无预警
眉山,2026-03-29,60.4,60.5,良,黄色,无预警
眉山,2026-03-30,60.4,60.5,良,黄色,无预警
眉山,2026-03-31,60.4,60.5,良,黄色,无预警
石嘴山,2026-03-25,54.3,54.4,良,黄色,无预警
石嘴山,2026-03-26,54.3,54.4,良,黄色,无预警
石嘴山,2026-03-27,54.3,54.4,良,黄色,无预警
石嘴山,2026-03-28,54.3,54.4,良,黄色,无预警
石嘴山,2026-03-29,54.3,54.4,良,黄色,无预警
石嘴山,2026-03-30,54.3,54.4,良,黄色,无预警
石嘴山,2026-03-31,54.3,54.4,良,黄色,无预警
石家庄,2026-03-25,53.5,53.6,良,黄色,无预警
石家庄,2026-03-26,53.5,53.6,良,黄色,无预警
石家庄,2026-03-27,53.5,53.6,良,黄色,无预警
石家庄,2026-03-28,53.5,53.6,良,黄色,无预警
石家庄,2026-03-29,53.5,53.6,良,黄色,无预警
石家庄,2026-03-30,53.5,53.6,良,黄色,无预警
石家庄,2026-03-31,53.5,53.6,良,黄色,无预警
石河子,2026-03-25,49.5,49.5,优,绿色,无预警
石河子,2026-03-26,49.5,49.5,优,绿色,无预警
石河子,2026-03-27,49.5,49.5,优,绿色,无预警
石河子,2026-03-28,49.5,49.5,优,绿色,无预警
石河子,2026-03-29,49.5,49.5,优,绿色,无预警
石河子,2026-03-30,49.5,49.5,优,绿色,无预警
石河子,2026-03-31,49.5,49.5,优,绿色,无预警
福州,2026-03-25,63.9,63.9,良,黄色,无预警
福州,2026-03-26,63.9,63.9,良,黄色,无预警
福州,2026-03-27,63.9,63.9,良,黄色,无预警
福州,2026-03-28,63.9,63.9,良,黄色,无预警
福州,2026-03-29,63.9,63.9,良,黄色,无预警
福州,2026-03-30,63.9,63.9,良,黄色,无预警
福州,2026-03-31,63.9,63.9,良,黄色,无预警
秦皇岛,2026-03-25,52.2,52.3,良,黄色,无预警
秦皇岛,2026-03-26,52.2,52.3,良,黄色,无预警
秦皇岛,2026-03-27,52.2,52.3,良,黄色,无预警
秦皇岛,2026-03-28,52.2,52.3,良,黄色,无预警
秦皇岛,2026-03-29,52.2,52.3,良,黄色,无预警
秦皇岛,2026-03-30,52.2,52.3,良,黄色,无预警
秦皇岛,2026-03-31,52.2,52.3,良,黄色,无预警
红河哈尼族彝族自治州,2026-03-25,67.0,67.2,良,黄色,无预警
红河哈尼族彝族自治州,2026-03-26,67.0,67.1,良,黄色,无预警
红河哈尼族彝族自治州,2026-03-27,67.0,67.1,良,黄色,无预警
红河哈尼族彝族自治州,2026-03-28,67.0,67.1,良,黄色,无预警
红河哈尼族彝族自治州,2026-03-29,67.0,67.1,良,黄色,无预警
红河哈尼族彝族自治州,2026-03-30,67.0,67.1,良,黄色,无预警
红河哈尼族彝族自治州,2026-03-31,67.0,67.1,良,黄色,无预警
绍兴,2026-03-25,59.5,59.6,良,黄色,无预警
绍兴,2026-03-26,59.5,59.6,良,黄色,无预警
绍兴,2026-03-27,59.5,59.6,良,黄色,无预警
绍兴,2026-03-28,59.5,59.6,良,黄色,无预警
绍兴,2026-03-29,59.5,59.6,良,黄色,无预警
绍兴,2026-03-30,59.5,59.6,良,黄色,无预警
绍兴,2026-03-31,59.5,59.6,良,黄色,无预警
绥化,2026-03-25,48.1,48.2,优,绿色,无预警
绥化,2026-03-26,48.1,48.2,优,绿色,无预警
绥化,2026-03-27,48.1,48.2,优,绿色,无预警
绥化,2026-03-28,48.1,48.2,优,绿色,无预警
绥化,2026-03-29,48.1,48.2,优,绿色,无预警
绥化,2026-03-30,48.1,48.2,优,绿色,无预警
绥化,2026-03-31,48.1,48.2,优,绿色,无预警
绵阳,2026-03-25,59.3,59.4,良,黄色,无预警
绵阳,2026-03-26,59.3,59.4,良,黄色,无预警
绵阳,2026-03-27,59.3,59.4,良,黄色,无预警
绵阳,2026-03-28,59.3,59.4,良,黄色,无预警
绵阳,2026-03-29,59.3,59.4,良,黄色,无预警
绵阳,2026-03-30,59.3,59.4,良,黄色,无预警
绵阳,2026-03-31,59.3,59.4,良,黄色,无预警
聊城,2026-03-25,56.0,56.1,良,黄色,无预警
聊城,2026-03-26,56.0,56.1,良,黄色,无预警
聊城,2026-03-27,56.0,56.1,良,黄色,无预警
聊城,2026-03-28,56.0,56.1,良,黄色,无预警
聊城,2026-03-29,56.0,56.1,良,黄色,无预警
聊城,2026-03-30,56.0,56.1,良,黄色,无预警
聊城,2026-03-31,56.0,56.1,良,黄色,无预警
肇庆,2026-03-25,65.8,65.9,良,黄色,无预警
肇庆,2026-03-26,65.8,65.9,良,黄色,无预警
肇庆,2026-03-27,65.8,65.9,良,黄色,无预警
肇庆,2026-03-28,65.8,65.9,良,黄色,无预警
肇庆,2026-03-29,65.8,65.9,良,黄色,无预警
肇庆,2026-03-30,65.8,65.9,良,黄色,无预警
肇庆,2026-03-31,65.8,65.9,良,黄色,无预警
自贡,2026-03-25,60.6,60.7,良,黄色,无预警
自贡,2026-03-26,60.6,60.7,良,黄色,无预警
自贡,2026-03-27,60.6,60.7,良,黄色,无预警
自贡,2026-03-28,60.6,60.7,良,黄色,无预警
自贡,2026-03-29,60.6,60.7,良,黄色,无预警
自贡,2026-03-30,60.6,60.7,良,黄色,无预警
自贡,2026-03-31,60.6,60.7,良,黄色,无预警
舟山,2026-03-25,60.4,60.5,良,黄色,无预警
舟山,2026-03-26,60.4,60.5,良,黄色,无预警
舟山,2026-03-27,60.4,60.5,良,黄色,无预警
舟山,2026-03-28,60.4,60.5,良,黄色,无预警
舟山,2026-03-29,60.4,60.5,良,黄色,无预警
舟山,2026-03-30,60.4,60.5,良,黄色,无预警
舟山,2026-03-31,60.4,60.5,良,黄色,无预警
芜湖,2026-03-25,59.0,59.1,良,黄色,无预警
芜湖,2026-03-26,59.0,59.1,良,黄色,无预警
芜湖,2026-03-27,59.0,59.1,良,黄色,无预警
芜湖,2026-03-28,59.0,59.1,良,黄色,无预警
芜湖,2026-03-29,59.0,59.1,良,黄色,无预警
芜湖,2026-03-30,59.0,59.1,良,黄色,无预警
芜湖,2026-03-31,59.0,59.1,良,黄色,无预警
苏州,2026-03-25,59.1,59.2,良,黄色,无预警
苏州,2026-03-26,59.1,59.2,良,黄色,无预警
苏州,2026-03-27,59.1,59.2,良,黄色,无预警
苏州,2026-03-28,59.1,59.2,良,黄色,无预警
苏州,2026-03-29,59.1,59.2,良,黄色,无预警
苏州,2026-03-30,59.1,59.2,良,黄色,无预警
苏州,2026-03-31,59.1,59.2,良,黄色,无预警
茂名,2026-03-25,67.9,68.0,良,黄色,无预警
茂名,2026-03-26,67.9,67.9,良,黄色,无预警
茂名,2026-03-27,67.9,67.9,良,黄色,无预警
茂名,2026-03-28,67.9,67.9,良,黄色,无预警
茂名,2026-03-29,67.9,67.9,良,黄色,无预警
茂名,2026-03-30,67.9,67.9,良,黄色,无预警
茂名,2026-03-31,67.9,67.9,良,黄色,无预警
荆州,2026-03-25,61.3,61.3,良,黄色,无预警
荆州,2026-03-26,61.3,61.3,良,黄色,无预警
荆州,2026-03-27,61.3,61.3,良,黄色,无预警
荆州,2026-03-28,61.3,61.3,良,黄色,无预警
荆州,2026-03-29,61.3,61.3,良,黄色,无预警
荆州,2026-03-30,61.3,61.3,良,黄色,无预警
荆州,2026-03-31,61.3,61.3,良,黄色,无预警
荆门,2026-03-25,60.2,60.3,良,黄色,无预警
荆门,2026-03-26,60.2,60.3,良,黄色,无预警
荆门,2026-03-27,60.2,60.3,良,黄色,无预警
荆门,2026-03-28,60.2,60.3,良,黄色,无预警
荆门,2026-03-29,60.2,60.3,良,黄色,无预警
荆门,2026-03-30,60.2,60.3,良,黄色,无预警
荆门,2026-03-31,60.2,60.3,良,黄色,无预警
莆田,2026-03-25,65.5,65.7,良,黄色,无预警
莆田,2026-03-26,65.5,65.6,良,黄色,无预警
莆田,2026-03-27,65.5,65.6,良,黄色,无预警
莆田,2026-03-28,65.5,65.6,良,黄色,无预警
莆田,2026-03-29,65.5,65.6,良,黄色,无预警
莆田,2026-03-30,65.5,65.6,良,黄色,无预警
莆田,2026-03-31,65.5,65.6,良,黄色,无预警
萍乡,2026-03-25,62.3,62.4,良,黄色,无预警
萍乡,2026-03-26,62.3,62.4,良,黄色,无预警
萍乡,2026-03-27,62.3,62.4,良,黄色,无预警
萍乡,2026-03-28,62.3,62.4,良,黄色,无预警
萍乡,2026-03-29,62.3,62.4,良,黄色,无预警
萍乡,2026-03-30,62.3,62.4,良,黄色,无预警
萍乡,2026-03-31,62.3,62.4,良,黄色,无预警
营口,2026-03-25,52.7,52.8,良,黄色,无预警
营口,2026-03-26,52.7,52.8,良,黄色,无预警
营口,2026-03-27,52.7,52.8,良,黄色,无预警
营口,2026-03-28,52.7,52.8,良,黄色,无预警
营口,2026-03-29,52.7,52.8,良,黄色,无预警
营口,2026-03-30,52.7,52.8,良,黄色,无预警
营口,2026-03-31,52.7,52.8,良,黄色,无预警
葫芦岛,2026-03-25,52.7,52.8,良,黄色,无预警
葫芦岛,2026-03-26,52.7,52.8,良,黄色,无预警
葫芦岛,2026-03-27,52.7,52.8,良,黄色,无预警
葫芦岛,2026-03-28,52.7,52.8,良,黄色,无预警
葫芦岛,2026-03-29,52.7,52.8,良,黄色,无预警
葫芦岛,2026-03-30,52.7,52.8,良,黄色,无预警
葫芦岛,2026-03-31,52.7,52.8,良,黄色,无预警
蚌埠,2026-03-25,58.7,58.7,良,黄色,无预警
蚌埠,2026-03-26,58.7,58.7,良,黄色,无预警
蚌埠,2026-03-27,58.7,58.7,良,黄色,无预警
蚌埠,2026-03-28,58.7,58.7,良,黄色,无预警
蚌埠,2026-03-29,58.7,58.7,良,黄色,无预警
蚌埠,2026-03-30,58.7,58.7,良,黄色,无预警
蚌埠,2026-03-31,58.7,58.7,良,黄色,无预警
衡水,2026-03-25,55.0,55.1,良,黄色,无预警
衡水,2026-03-26,55.0,55.1,良,黄色,无预警
衡水,2026-03-27,55.0,55.1,良,黄色,无预警
衡水,2026-03-28,55.0,55.1,良,黄色,无预警
衡水,2026-03-29,55.0,55.1,良,黄色,无预警
衡水,2026-03-30,55.0,55.1,良,黄色,无预警
衡水,2026-03-31,55.0,55.1,良,黄色,无预警
衡阳,2026-03-25,63.7,63.8,良,黄色,无预警
衡阳,2026-03-26,63.7,63.8,良,黄色,无预警
衡阳,2026-03-27,63.7,63.8,良,黄色,无预警
衡阳,2026-03-28,63.7,63.8,良,黄色,无预警
衡阳,2026-03-29,63.7,63.8,良,黄色,无预警
衡阳,2026-03-30,63.7,63.8,良,黄色,无预警
衡阳,2026-03-31,63.7,63.8,良,黄色,无预警
衢州,2026-03-25,61.4,61.4,良,黄色,无预警
衢州,2026-03-26,61.4,61.4,良,黄色,无预警
衢州,2026-03-27,61.4,61.4,良,黄色,无预警
衢州,2026-03-28,61.4,61.4,良,黄色,无预警
衢州,2026-03-29,61.4,61.4,良,黄色,无预警
衢州,2026-03-30,61.4,61.4,良,黄色,无预警
衢州,2026-03-31,61.4,61.4,良,黄色,无预警
襄阳,2026-03-25,59.2,59.2,良,黄色,无预警
襄阳,2026-03-26,59.2,59.2,良,黄色,无预警
襄阳,2026-03-27,59.2,59.2,良,黄色,无预警
襄阳,2026-03-28,59.2,59.2,良,黄色,无预警
襄阳,2026-03-29,59.2,59.2,良,黄色,无预警
襄阳,2026-03-30,59.2,59.2,良,黄色,无预警
襄阳,2026-03-31,59.2,59.2,良,黄色,无预警
西双版纳傣族自治州,2026-03-25,67.0,67.1,良,黄色,无预警
西双版纳傣族自治州,2026-03-26,66.9,67.0,良,黄色,无预警
西双版纳傣族自治州,2026-03-27,66.9,67.0,良,黄色,无预警
西双版纳傣族自治州,2026-03-28,66.9,67.0,良,黄色,无预警
西双版纳傣族自治州,2026-03-29,66.9,67.0,良,黄色,无预警
西双版纳傣族自治州,2026-03-30,66.9,67.0,良,黄色,无预警
西双版纳傣族自治州,2026-03-31,66.9,67.0,良,黄色,无预警
西宁,2026-03-25,55.8,55.9,良,黄色,无预警
西宁,2026-03-26,55.8,55.9,良,黄色,无预警
西宁,2026-03-27,55.8,55.9,良,黄色,无预警
西宁,2026-03-28,55.8,55.9,良,黄色,无预警
西宁,2026-03-29,55.8,55.9,良,黄色,无预警
西宁,2026-03-30,55.8,55.9,良,黄色,无预警
西宁,2026-03-31,55.8,55.9,良,黄色,无预警
西安,2026-03-25,58.8,58.9,良,黄色,无预警
西安,2026-03-26,58.8,58.9,良,黄色,无预警
西安,2026-03-27,58.8,58.9,良,黄色,无预警
西安,2026-03-28,58.8,58.9,良,黄色,无预警
西安,2026-03-29,58.8,58.9,良,黄色,无预警
西安,2026-03-30,58.8,58.9,良,黄色,无预警
西安,2026-03-31,58.8,58.9,良,黄色,无预警
许昌,2026-03-25,58.2,58.3,良,黄色,无预警
许昌,2026-03-26,58.2,58.3,良,黄色,无预警
许昌,2026-03-27,58.2,58.3,良,黄色,无预警
许昌,2026-03-28,58.2,58.3,良,黄色,无预警
许昌,2026-03-29,58.2,58.3,良,黄色,无预警
许昌,2026-03-30,58.2,58.3,良,黄色,无预警
许昌,2026-03-31,58.2,58.3,良,黄色,无预警
贵港,2026-03-25,66.0,66.1,良,黄色,无预警
贵港,2026-03-26,66.0,66.1,良,黄色,无预警
贵港,2026-03-27,66.0,66.1,良,黄色,无预警
贵港,2026-03-28,66.0,66.1,良,黄色,无预警
贵港,2026-03-29,66.0,66.1,良,黄色,无预警
贵港,2026-03-30,66.0,66.1,良,黄色,无预警
贵港,2026-03-31,66.0,66.1,良,黄色,无预警
贵阳,2026-03-25,63.7,63.7,良,黄色,无预警
贵阳,2026-03-26,63.7,63.7,良,黄色,无预警
贵阳,2026-03-27,63.7,63.7,良,黄色,无预警
贵阳,2026-03-28,63.7,63.7,良,黄色,无预警
贵阳,2026-03-29,63.7,63.7,良,黄色,无预警
贵阳,2026-03-30,63.7,63.7,良,黄色,无预警
贵阳,2026-03-31,63.7,63.7,良,黄色,无预警
贺州,2026-03-25,66.0,66.1,良,黄色,无预警
贺州,2026-03-26,66.0,66.1,良,黄色,无预警
贺州,2026-03-27,66.0,66.1,良,黄色,无预警
贺州,2026-03-28,66.0,66.1,良,黄色,无预警
贺州,2026-03-29,66.0,66.1,良,黄色,无预警
贺州,2026-03-30,66.0,66.1,良,黄色,无预警
贺州,2026-03-31,66.0,66.1,良,黄色,无预警
资阳,2026-03-25,59.5,59.6,良,黄色,无预警
资阳,2026-03-26,59.5,59.6,良,黄色,无预警
资阳,2026-03-27,59.5,59.6,良,黄色,无预警
资阳,2026-03-28,59.5,59.6,良,黄色,无预警
资阳,2026-03-29,59.5,59.6,良,黄色,无预警
资阳,2026-03-30,59.5,59.6,良,黄色,无预警
资阳,2026-03-31,59.5,59.6,良,黄色,无预警
赣州,2026-03-25,60.6,60.7,良,黄色,无预警
赣州,2026-03-26,60.6,60.7,良,黄色,无预警
赣州,2026-03-27,60.6,60.7,良,黄色,无预警
赣州,2026-03-28,60.6,60.7,良,黄色,无预警
赣州,2026-03-29,60.6,60.7,良,黄色,无预警
赣州,2026-03-30,60.6,60.7,良,黄色,无预警
赣州,2026-03-31,60.6,60.7,良,黄色,无预警
赤峰,2026-03-25,50.2,50.3,良,黄色,无预警
赤峰,2026-03-26,50.2,50.3,良,黄色,无预警
赤峰,2026-03-27,50.2,50.3,良,黄色,无预警
赤峰,2026-03-28,50.2,50.3,良,黄色,无预警
赤峰,2026-03-29,50.2,50.3,良,黄色,无预警
赤峰,2026-03-30,50.2,50.3,良,黄色,无预警
赤峰,2026-03-31,50.2,50.3,良,黄色,无预警
辽源,2026-03-25,49.3,49.4,优,绿色,无预警
辽源,2026-03-26,49.3,49.4,优,绿色,无预警
辽源,2026-03-27,49.3,49.4,优,绿色,无预警
辽源,2026-03-28,49.3,49.4,优,绿色,无预警
辽源,2026-03-29,49.3,49.4,优,绿色,无预警
辽源,2026-03-30,49.3,49.4,优,绿色,无预警
辽源,2026-03-31,49.3,49.4,优,绿色,无预警
辽阳,2026-03-25,51.8,51.8,良,黄色,无预警
辽阳,2026-03-26,51.8,51.8,良,黄色,无预警
辽阳,2026-03-27,51.8,51.8,良,黄色,无预警
辽阳,2026-03-28,51.8,51.8,良,黄色,无预警
辽阳,2026-03-29,51.8,51.8,良,黄色,无预警
辽阳,2026-03-30,51.8,51.8,良,黄色,无预警
辽阳,2026-03-31,51.8,51.8,良,黄色,无预警
达州,2026-03-25,59.0,59.1,良,黄色,无预警
达州,2026-03-26,59.0,59.1,良,黄色,无预警
达州,2026-03-27,59.0,59.1,良,黄色,无预警
达州,2026-03-28,59.0,59.1,良,黄色,无预警
达州,2026-03-29,59.0,59.1,良,黄色,无预警
达州,2026-03-30,59.0,59.1,良,黄色,无预警
达州,2026-03-31,59.0,59.1,良,黄色,无预警
运城,2026-03-25,57.1,57.1,良,黄色,无预警
运城,2026-03-26,57.1,57.1,良,黄色,无预警
运城,2026-03-27,57.1,57.1,良,黄色,无预警
运城,2026-03-28,57.1,57.1,良,黄色,无预警
运城,2026-03-29,57.1,57.1,良,黄色,无预警
运城,2026-03-30,57.1,57.1,良,黄色,无预警
运城,2026-03-31,57.1,57.1,良,黄色,无预警
连云港,2026-03-25,57.1,57.1,良,黄色,无预警
连云港,2026-03-26,57.1,57.1,良,黄色,无预警
连云港,2026-03-27,57.1,57.1,良,黄色,无预警
连云港,2026-03-28,57.1,57.1,良,黄色,无预警
连云港,2026-03-29,57.1,57.1,良,黄色,无预警
连云港,2026-03-30,57.1,57.1,良,黄色,无预警
连云港,2026-03-31,57.1,57.1,良,黄色,无预警
迪庆藏族自治州,2026-03-25,62.6,62.7,良,黄色,无预警
迪庆藏族自治州,2026-03-26,62.6,62.7,良,黄色,无预警
迪庆藏族自治州,2026-03-27,62.6,62.7,良,黄色,无预警
迪庆藏族自治州,2026-03-28,62.6,62.7,良,黄色,无预警
迪庆藏族自治州,2026-03-29,62.6,62.7,良,黄色,无预警
迪庆藏族自治州,2026-03-30,62.6,62.7,良,黄色,无预警
迪庆藏族自治州,2026-03-31,62.6,62.7,良,黄色,无预警
通化,2026-03-25,50.9,51.0,良,黄色,无预警
通化,2026-03-26,50.9,51.0,良,黄色,无预警
通化,2026-03-27,50.9,51.0,良,黄色,无预警
通化,2026-03-28,50.9,51.0,良,黄色,无预警
通化,2026-03-29,50.9,51.0,良,黄色,无预警
通化,2026-03-30,50.9,51.0,良,黄色,无预警
通化,2026-03-31,50.9,51.0,良,黄色,无预警
通辽,2026-03-25,48.9,49.0,优,绿色,无预警
通辽,2026-03-26,48.9,49.0,优,绿色,无预警
通辽,2026-03-27,48.9,49.0,优,绿色,无预警
通辽,2026-03-28,48.9,49.0,优,绿色,无预警
通辽,2026-03-29,48.9,49.0,优,绿色,无预警
通辽,2026-03-30,48.9,49.0,优,绿色,无预警
通辽,2026-03-31,48.9,49.0,优,绿色,无预警
遂宁,2026-03-25,60.2,60.3,良,黄色,无预警
遂宁,2026-03-26,60.2,60.3,良,黄色,无预警
遂宁,2026-03-27,60.2,60.3,良,黄色,无预警
遂宁,2026-03-28,60.2,60.3,良,黄色,无预警
遂宁,2026-03-29,60.2,60.3,良,黄色,无预警
遂宁,2026-03-30,60.2,60.3,良,黄色,无预警
遂宁,2026-03-31,60.2,60.3,良,黄色,无预警
遵义,2026-03-25,62.6,62.7,良,黄色,无预警
遵义,2026-03-26,62.6,62.7,良,黄色,无预警
遵义,2026-03-27,62.6,62.7,良,黄色,无预警
遵义,2026-03-28,62.6,62.7,良,黄色,无预警
遵义,2026-03-29,62.6,62.7,良,黄色,无预警
遵义,2026-03-30,62.6,62.7,良,黄色,无预警
遵义,2026-03-31,62.6,62.7,良,黄色,无预警
邢台,2026-03-25,55.2,55.3,良,黄色,无预警
邢台,2026-03-26,55.2,55.3,良,黄色,无预警
邢台,2026-03-27,55.2,55.3,良,黄色,无预警
邢台,2026-03-28,55.2,55.3,良,黄色,无预警
邢台,2026-03-29,55.2,55.3,良,黄色,无预警
邢台,2026-03-30,55.2,55.3,良,黄色,无预警
邢台,2026-03-31,55.2,55.3,良,黄色,无预警
那曲市,2026-03-25,59.0,59.1,良,黄色,无预警
那曲市,2026-03-26,59.0,59.1,良,黄色,无预警
那曲市,2026-03-27,59.0,59.1,良,黄色,无预警
那曲市,2026-03-28,59.0,59.1,良,黄色,无预警
那曲市,2026-03-29,59.0,59.1,良,黄色,无预警
那曲市,2026-03-30,59.0,59.1,良,黄色,无预警
那曲市,2026-03-31,59.0,59.1,良,黄色,无预警
邯郸,2026-03-25,55.2,55.3,良,黄色,无预警
邯郸,2026-03-26,55.2,55.3,良,黄色,无预警
邯郸,2026-03-27,55.2,55.3,良,黄色,无预警
邯郸,2026-03-28,55.2,55.3,良,黄色,无预警
邯郸,2026-03-29,55.2,55.3,良,黄色,无预警
邯郸,2026-03-30,55.2,55.3,良,黄色,无预警
邯郸,2026-03-31,55.2,55.3,良,黄色,无预警
邵阳,2026-03-25,62.9,63.0,良,黄色,无预警
邵阳,2026-03-26,62.9,63.0,良,黄色,无预警
邵阳,2026-03-27,62.9,63.0,良,黄色,无预警
邵阳,2026-03-28,62.9,63.0,良,黄色,无预警
邵阳,2026-03-29,62.9,63.0,良,黄色,无预警
邵阳,2026-03-30,62.9,63.0,良,黄色,无预警
邵阳,2026-03-31,62.9,63.0,良,黄色,无预警
郑州,2026-03-25,57.1,57.1,良,黄色,无预警
郑州,2026-03-26,57.1,57.1,良,黄色,无预警
郑州,2026-03-27,57.1,57.1,良,黄色,无预警
郑州,2026-03-28,57.1,57.1,良,黄色,无预警
郑州,2026-03-29,57.1,57.1,良,黄色,无预警
郑州,2026-03-30,57.1,57.1,良,黄色,无预警
郑州,2026-03-31,57.1,57.1,良,黄色,无预警
郴州,2026-03-25,64.4,64.4,良,黄色,无预警
郴州,2026-03-26,64.4,64.4,良,黄色,无预警
郴州,2026-03-27,64.4,64.4,良,黄色,无预警
郴州,2026-03-28,64.4,64.4,良,黄色,无预警
郴州,2026-03-29,64.4,64.4,良,黄色,无预警
郴州,2026-03-30,64.4,64.4,良,黄色,无预警
郴州,2026-03-31,64.4,64.4,良,黄色,无预警
鄂尔多斯,2026-03-25,51.5,51.6,良,黄色,无预警
鄂尔多斯,2026-03-26,51.5,51.6,良,黄色,无预警
鄂尔多斯,2026-03-27,51.5,51.6,良,黄色,无预警
鄂尔多斯,2026-03-28,51.5,51.6,良,黄色,无预警
鄂尔多斯,2026-03-29,51.5,51.6,良,黄色,无预警
鄂尔多斯,2026-03-30,51.5,51.6,良,黄色,无预警
鄂尔多斯,2026-03-31,51.5,51.6,良,黄色,无预警
鄂州,2026-03-25,61.3,61.3,良,黄色,无预警
鄂州,2026-03-26,61.3,61.3,良,黄色,无预警
鄂州,2026-03-27,61.3,61.3,良,黄色,无预警
鄂州,2026-03-28,61.3,61.3,良,黄色,无预警
鄂州,2026-03-29,61.3,61.3,良,黄色,无预警
鄂州,2026-03-30,61.3,61.3,良,黄色,无预警
鄂州,2026-03-31,61.3,61.3,良,黄色,无预警
酒泉,2026-03-25,53.0,53.1,良,黄色,无预警
酒泉,2026-03-26,53.0,53.1,良,黄色,无预警
酒泉,2026-03-27,53.0,53.1,良,黄色,无预警
酒泉,2026-03-28,53.0,53.1,良,黄色,无预警
酒泉,2026-03-29,53.0,53.1,良,黄色,无预警
酒泉,2026-03-30,53.0,53.1,良,黄色,无预警
酒泉,2026-03-31,53.0,53.1,良,黄色,无预警
重庆,2026-03-25,60.8,60.9,良,黄色,无预警
重庆,2026-03-26,60.8,60.9,良,黄色,无预警
重庆,2026-03-27,60.8,60.9,良,黄色,无预警
重庆,2026-03-28,60.8,60.9,良,黄色,无预警
重庆,2026-03-29,60.8,60.9,良,黄色,无预警
重庆,2026-03-30,60.8,60.9,良,黄色,无预警
重庆,2026-03-31,60.8,60.9,良,黄色,无预警
金华,2026-03-25,61.0,61.1,良,黄色,无预警
金华,2026-03-26,61.0,61.1,良,黄色,无预警
金华,2026-03-27,61.0,61.1,良,黄色,无预警
金华,2026-03-28,61.0,61.1,良,黄色,无预警
金华,2026-03-29,61.0,61.1,良,黄色,无预警
金华,2026-03-30,61.0,61.1,良,黄色,无预警
金华,2026-03-31,61.0,61.1,良,黄色,无预警
金昌,2026-03-25,54.3,54.4,良,黄色,无预警
金昌,2026-03-26,54.3,54.4,良,黄色,无预警
金昌,2026-03-27,54.3,54.4,良,黄色,无预警
金昌,2026-03-28,54.3,54.4,良,黄色,无预警
金昌,2026-03-29,54.3,54.4,良,黄色,无预警
金昌,2026-03-30,54.3,54.4,良,黄色,无预警
金昌,2026-03-31,54.3,54.4,良,黄色,无预警
钦州,2026-03-25,67.1,67.2,良,黄色,无预警
钦州,2026-03-26,67.1,67.2,良,黄色,无预警
钦州,2026-03-27,67.1,67.2,良,黄色,无预警
钦州,2026-03-28,67.1,67.2,良,黄色,无预警
钦州,2026-03-29,67.1,67.2,良,黄色,无预警
钦州,2026-03-30,67.1,67.2,良,黄色,无预警
钦州,2026-03-31,67.1,67.2,良,黄色,无预警
铁岭,2026-03-25,51.1,51.2,良,黄色,无预警
铁岭,2026-03-26,51.1,51.2,良,黄色,无预警
铁岭,2026-03-27,51.1,51.2,良,黄色,无预警
铁岭,2026-03-28,51.1,51.2,良,黄色,无预警
铁岭,2026-03-29,51.1,51.2,良,黄色,无预警
铁岭,2026-03-30,51.1,51.2,良,黄色,无预警
铁岭,2026-03-31,51.1,51.2,良,黄色,无预警
铜仁,2026-03-25,62.5,62.6,良,黄色,无预警
铜仁,2026-03-26,62.5,62.6,良,黄色,无预警
铜仁,2026-03-27,62.5,62.6,良,黄色,无预警
铜仁,2026-03-28,62.5,62.6,良,黄色,无预警
铜仁,2026-03-29,62.5,62.6,良,黄色,无预警
铜仁,2026-03-30,62.5,62.6,良,黄色,无预警
铜仁,2026-03-31,62.5,62.6,良,黄色,无预警
铜川,2026-03-25,57.9,57.9,良,黄色,无预警
铜川,2026-03-26,57.9,57.9,良,黄色,无预警
铜川,2026-03-27,57.9,57.9,良,黄色,无预警
铜川,2026-03-28,57.9,57.9,良,黄色,无预警
铜川,2026-03-29,57.9,57.9,良,黄色,无预警
铜川,2026-03-30,57.9,57.9,良,黄色,无预警
铜川,2026-03-31,57.9,57.9,良,黄色,无预警
铜陵,2026-03-25,59.3,59.4,良,黄色,无预警
铜陵,2026-03-26,59.3,59.4,良,黄色,无预警
铜陵,2026-03-27,59.3,59.4,良,黄色,无预警
铜陵,2026-03-28,59.3,59.4,良,黄色,无预警
铜陵,2026-03-29,59.3,59.4,良,黄色,无预警
铜陵,2026-03-30,59.3,59.4,良,黄色,无预警
铜陵,2026-03-31,59.3,59.4,良,黄色,无预警
银川,2026-03-25,53.5,53.6,良,黄色,无预警
银川,2026-03-26,53.5,53.6,良,黄色,无预警
银川,2026-03-27,53.5,53.6,良,黄色,无预警
银川,2026-03-28,53.5,53.6,良,黄色,无预警
银川,2026-03-29,53.5,53.6,良,黄色,无预警
银川,2026-03-30,53.5,53.6,良,黄色,无预警
银川,2026-03-31,53.5,53.6,良,黄色,无预警
锡林郭勒盟,2026-03-25,47.9,48.0,优,绿色,无预警
锡林郭勒盟,2026-03-26,47.9,48.0,优,绿色,无预警
锡林郭勒盟,2026-03-27,47.9,48.0,优,绿色,无预警
锡林郭勒盟,2026-03-28,47.9,48.0,优,绿色,无预警
锡林郭勒盟,2026-03-29,47.9,48.0,优,绿色,无预警
锡林郭勒盟,2026-03-30,47.9,48.0,优,绿色,无预警
锡林郭勒盟,2026-03-31,47.9,48.0,优,绿色,无预警
锦州,2026-03-25,52.7,52.8,良,黄色,无预警
锦州,2026-03-26,52.7,52.8,良,黄色,无预警
锦州,2026-03-27,52.7,52.8,良,黄色,无预警
锦州,2026-03-28,52.7,52.8,良,黄色,无预警
锦州,2026-03-29,52.7,52.8,良,黄色,无预警
锦州,2026-03-30,52.7,52.8,良,黄色,无预警
锦州,2026-03-31,52.7,52.8,良,黄色,无预警
镇江,2026-03-25,59.3,59.4,良,黄色,无预警
镇江,2026-03-26,59.3,59.4,良,黄色,无预警
镇江,2026-03-27,59.3,59.4,良,黄色,无预警
镇江,2026-03-28,59.3,59.4,良,黄色,无预警
镇江,2026-03-29,59.3,59.4,良,黄色,无预警
镇江,2026-03-30,59.3,59.4,良,黄色,无预警
镇江,2026-03-31,59.3,59.4,良,黄色,无预警
长春,2026-03-25,49.1,49.1,优,绿色,无预警
长春,2026-03-26,49.1,49.1,优,绿色,无预警
长春,2026-03-27,49.1,49.1,优,绿色,无预警
长春,2026-03-28,49.1,49.1,优,绿色,无预警
长春,2026-03-29,49.1,49.1,优,绿色,无预警
长春,2026-03-30,49.1,49.1,优,绿色,无预警
长春,2026-03-31,49.1,49.1,优,绿色,无预警
长沙,2026-03-25,62.5,62.5,良,黄色,无预警
长沙,2026-03-26,62.5,62.5,良,黄色,无预警
长沙,2026-03-27,62.5,62.5,良,黄色,无预警
长沙,2026-03-28,62.5,62.5,良,黄色,无预警
长沙,2026-03-29,62.5,62.5,良,黄色,无预警
长沙,2026-03-30,62.5,62.5,良,黄色,无预警
长沙,2026-03-31,62.5,62.5,良,黄色,无预警
长治,2026-03-25,56.6,56.7,良,黄色,无预警
长治,2026-03-26,56.6,56.7,良,黄色,无预警
长治,2026-03-27,56.6,56.7,良,黄色,无预警
长治,2026-03-28,56.6,56.7,良,黄色,无预警
长治,2026-03-29,56.6,56.7,良,黄色,无预警
长治,2026-03-30,56.6,56.7,良,黄色,无预警
长治,2026-03-31,56.6,56.7,良,黄色,无预警
阜新,2026-03-25,50.3,50.4,良,黄色,无预警
阜新,2026-03-26,50.3,50.4,良,黄色,无预警
阜新,2026-03-27,50.3,50.4,良,黄色,无预警
阜新,2026-03-28,50.3,50.4,良,黄色,无预警
阜新,2026-03-29,50.3,50.4,良,黄色,无预警
阜新,2026-03-30,50.3,50.4,良,黄色,无预警
阜新,2026-03-31,50.3,50.4,良,黄色,无预警
阜阳,2026-03-25,58.5,58.6,良,黄色,无预警
阜阳,2026-03-26,58.5,58.6,良,黄色,无预警
阜阳,2026-03-27,58.5,58.6,良,黄色,无预警
阜阳,2026-03-28,58.5,58.6,良,黄色,无预警
阜阳,2026-03-29,58.5,58.6,良,黄色,无预警
阜阳,2026-03-30,58.5,58.6,良,黄色,无预警
阜阳,2026-03-31,58.5,58.6,良,黄色,无预警
防城港,2026-03-25,68.0,68.1,良,黄色,无预警
防城港,2026-03-26,68.0,68.0,良,黄色,无预警
防城港,2026-03-27,68.0,68.0,良,黄色,无预警
防城港,2026-03-28,68.0,68.0,良,黄色,无预警
防城港,2026-03-29,68.0,68.0,良,黄色,无预警
防城港,2026-03-30,68.0,68.0,良,黄色,无预警
防城港,2026-03-31,68.0,68.0,良,黄色,无预警
阳江,2026-03-25,69.5,69.7,良,黄色,无预警
阳江,2026-03-26,69.5,69.5,良,黄色,无预警
阳江,2026-03-27,69.5,69.5,良,黄色,无预警
阳江,2026-03-28,69.5,69.5,良,黄色,无预警
阳江,2026-03-29,69.5,69.5,良,黄色,无预警
阳江,2026-03-30,69.5,69.5,良,黄色,无预警
阳江,2026-03-31,69.5,69.5,良,黄色,无预警
阳泉,2026-03-25,55.1,55.2,良,黄色,无预警
阳泉,2026-03-26,55.1,55.2,良,黄色,无预警
阳泉,2026-03-27,55.1,55.2,良,黄色,无预警
阳泉,2026-03-28,55.1,55.2,良,黄色,无预警
阳泉,2026-03-29,55.1,55.2,良,黄色,无预警
阳泉,2026-03-30,55.1,55.2,良,黄色,无预警
阳泉,2026-03-31,55.1,55.2,良,黄色,无预警
阿克苏地区,2026-03-25,52.6,52.6,良,黄色,无预警
阿克苏地区,2026-03-26,52.6,52.6,良,黄色,无预警
阿克苏地区,2026-03-27,52.6,52.6,良,黄色,无预警
阿克苏地区,2026-03-28,52.6,52.6,良,黄色,无预警
阿克苏地区,2026-03-29,52.6,52.6,良,黄色,无预警
阿克苏地区,2026-03-30,52.6,52.6,良,黄色,无预警
阿克苏地区,2026-03-31,52.6,52.6,良,黄色,无预警
阿勒泰地区,2026-03-25,45.6,45.7,优,绿色,无预警
阿勒泰地区,2026-03-26,45.6,45.7,优,绿色,无预警
阿勒泰地区,2026-03-27,45.6,45.7,优,绿色,无预警
阿勒泰地区,2026-03-28,45.6,45.7,优,绿色,无预警
阿勒泰地区,2026-03-29,45.6,45.7,优,绿色,无预警
阿勒泰地区,2026-03-30,45.6,45.7,优,绿色,无预警
阿勒泰地区,2026-03-31,45.6,45.7,优,绿色,无预警
阿坝藏族羌族自治州,2026-03-25,58.7,58.7,良,黄色,无预警
阿坝藏族羌族自治州,2026-03-26,58.7,58.7,良,黄色,无预警
阿坝藏族羌族自治州,2026-03-27,58.7,58.7,良,黄色,无预警
阿坝藏族羌族自治州,2026-03-28,58.7,58.7,良,黄色,无预警
阿坝藏族羌族自治州,2026-03-29,58.7,58.7,良,黄色,无预警
阿坝藏族羌族自治州,2026-03-30,58.7,58.7,良,黄色,无预警
阿坝藏族羌族自治州,2026-03-31,58.7,58.7,良,黄色,无预警
阿拉善盟,2026-03-25,53.5,53.6,良,黄色,无预警
阿拉善盟,2026-03-26,53.5,53.6,良,黄色,无预警
阿拉善盟,2026-03-27,53.5,53.6,良,黄色,无预警
阿拉善盟,2026-03-28,53.5,53.6,良,黄色,无预警
阿拉善盟,2026-03-29,53.5,53.6,良,黄色,无预警
阿拉善盟,2026-03-30,53.5,53.6,良,黄色,无预警
阿拉善盟,2026-03-31,53.5,53.6,良,黄色,无预警
阿里地区,2026-03-25,59.2,59.2,良,黄色,无预警
阿里地区,2026-03-26,59.2,59.2,良,黄色,无预警
阿里地区,2026-03-27,59.2,59.2,良,黄色,无预警
阿里地区,2026-03-28,59.2,59.2,良,黄色,无预警
阿里地区,2026-03-29,59.2,59.2,良,黄色,无预警
阿里地区,2026-03-30,59.2,59.2,良,黄色,无预警
阿里地区,2026-03-31,59.2,59.2,良,黄色,无预警
陇南,2026-03-25,57.2,57.3,良,黄色,无预警
陇南,2026-03-26,57.2,57.3,良,黄色,无预警
陇南,2026-03-27,57.2,57.3,良,黄色,无预警
陇南,2026-03-28,57.2,57.3,良,黄色,无预警
陇南,2026-03-29,57.2,57.3,良,黄色,无预警
陇南,2026-03-30,57.2,57.3,良,黄色,无预警
陇南,2026-03-31,57.2,57.3,良,黄色,无预警
随州,2026-03-25,60.0,60.1,良,黄色,无预警
随州,2026-03-26,60.0,60.1,良,黄色,无预警
随州,2026-03-27,60.0,60.1,良,黄色,无预警
随州,2026-03-28,60.0,60.1,良,黄色,无预警
随州,2026-03-29,60.0,60.1,良,黄色,无预警
随州,2026-03-30,60.0,60.1,良,黄色,无预警
随州,2026-03-31,60.0,60.1,良,黄色,无预警
雅安,2026-03-25,60.2,60.3,良,黄色,无预警
雅安,2026-03-26,60.2,60.3,良,黄色,无预警
雅安,2026-03-27,60.2,60.3,良,黄色,无预警
雅安,2026-03-28,60.2,60.3,良,黄色,无预警
雅安,2026-03-29,60.2,60.3,良,黄色,无预警
雅安,2026-03-30,60.2,60.3,良,黄色,无预警
雅安,2026-03-31,60.2,60.3,良,黄色,无预警
青岛,2026-03-25,56.3,56.4,良,黄色,无预警
青岛,2026-03-26,56.3,56.4,良,黄色,无预警
青岛,2026-03-27,56.3,56.4,良,黄色,无预警
青岛,2026-03-28,56.3,56.4,良,黄色,无预警
青岛,2026-03-29,56.3,56.4,良,黄色,无预警
青岛,2026-03-30,56.3,56.4,良,黄色,无预警
青岛,2026-03-31,56.3,56.4,良,黄色,无预警
鞍山,2026-03-25,52.7,52.8,良,黄色,无预警
鞍山,2026-03-26,52.7,52.8,良,黄色,无预警
鞍山,2026-03-27,52.7,52.8,良,黄色,无预警
鞍山,2026-03-28,52.7,52.8,良,黄色,无预警
鞍山,2026-03-29,52.7,52.8,良,黄色,无预警
鞍山,2026-03-30,52.7,52.8,良,黄色,无预警
鞍山,2026-03-31,52.7,52.8,良,黄色,无预警
韶关,2026-03-25,66.4,66.5,良,黄色,无预警
韶关,2026-03-26,66.4,66.5,良,黄色,无预警
韶关,2026-03-27,66.4,66.5,良,黄色,无预警
韶关,2026-03-28,66.4,66.5,良,黄色,无预警
韶关,2026-03-29,66.4,66.5,良,黄色,无预警
韶关,2026-03-30,66.4,66.5,良,黄色,无预警
韶关,2026-03-31,66.4,66.5,良,黄色,无预警
马鞍山,2026-03-25,60.0,60.1,良,黄色,无预警
马鞍山,2026-03-26,60.0,60.1,良,黄色,无预警
马鞍山,2026-03-27,60.0,60.1,良,黄色,无预警
马鞍山,2026-03-28,60.0,60.1,良,黄色,无预警
马鞍山,2026-03-29,60.0,60.1,良,黄色,无预警
马鞍山,2026-03-30,60.0,60.1,良,黄色,无预警
马鞍山,2026-03-31,60.0,60.1,良,黄色,无预警
驻马店,2026-03-25,57.1,57.2,良,黄色,无预警
驻马店,2026-03-26,57.1,57.2,良,黄色,无预警
驻马店,2026-03-27,57.1,57.2,良,黄色,无预警
驻马店,2026-03-28,57.1,57.2,良,黄色,无预警
驻马店,2026-03-29,57.1,57.2,良,黄色,无预警
驻马店,2026-03-30,57.1,57.2,良,黄色,无预警
驻马店,2026-03-31,57.1,57.2,良,黄色,无预警
鸡西,2026-03-25,47.6,47.6,优,绿色,无预警
鸡西,2026-03-26,47.6,47.6,优,绿色,无预警
鸡西,2026-03-27,47.6,47.6,优,绿色,无预警
鸡西,2026-03-28,47.6,47.6,优,绿色,无预警
鸡西,2026-03-29,47.6,47.6,优,绿色,无预警
鸡西,2026-03-30,47.6,47.6,优,绿色,无预警
鸡西,2026-03-31,47.6,47.6,优,绿色,无预警
鹤壁,2026-03-25,57.1,57.2,良,黄色,无预警
鹤壁,2026-03-26,57.1,57.2,良,黄色,无预警
鹤壁,2026-03-27,57.1,57.2,良,黄色,无预警
鹤壁,2026-03-28,57.1,57.2,良,黄色,无预警
鹤壁,2026-03-29,57.1,57.2,良,黄色,无预警
鹤壁,2026-03-30,57.1,57.2,良,黄色,无预警
鹤壁,2026-03-31,57.1,57.2,良,黄色,无预警
鹤岗,2026-03-25,45.9,46.0,优,绿色,无预警
鹤岗,2026-03-26,45.9,46.0,优,绿色,无预警
鹤岗,2026-03-27,45.9,46.0,优,绿色,无预警
鹤岗,2026-03-28,45.9,46.0,优,绿色,无预警
鹤岗,2026-03-29,45.9,46.0,优,绿色,无预警
鹤岗,2026-03-30,45.9,46.0,优,绿色,无预警
鹤岗,2026-03-31,45.9,46.0,优,绿色,无预警
鹰潭,2026-03-25,63.2,63.3,良,黄色,无预警
鹰潭,2026-03-26,63.2,63.3,良,黄色,无预警
鹰潭,2026-03-27,63.2,63.3,良,黄色,无预警
鹰潭,2026-03-28,63.2,63.3,良,黄色,无预警
鹰潭,2026-03-29,63.2,63.3,良,黄色,无预警
鹰潭,2026-03-30,63.2,63.3,良,黄色,无预警
鹰潭,2026-03-31,63.2,63.3,良,黄色,无预警
黄冈,2026-03-25,60.2,60.3,良,黄色,无预警
黄冈,2026-03-26,60.2,60.3,良,黄色,无预警
黄冈,2026-03-27,60.2,60.3,良,黄色,无预警
黄冈,2026-03-28,60.2,60.3,良,黄色,无预警
黄冈,2026-03-29,60.2,60.3,良,黄色,无预警
黄冈,2026-03-30,60.2,60.3,良,黄色,无预警
黄冈,2026-03-31,60.2,60.3,良,黄色,无预警
黄南藏族自治州,2026-03-25,55.5,55.5,良,黄色,无预警
黄南藏族自治州,2026-03-26,55.4,55.5,良,黄色,无预警
黄南藏族自治州,2026-03-27,55.4,55.5,良,黄色,无预警
黄南藏族自治州,2026-03-28,55.4,55.5,良,黄色,无预警
黄南藏族自治州,2026-03-29,55.4,55.5,良,黄色,无预警
黄南藏族自治州,2026-03-30,55.4,55.5,良,黄色,无预警
黄南藏族自治州,2026-03-31,55.4,55.5,良,黄色,无预警
黄山,2026-03-25,60.2,60.3,良,黄色,无预警
黄山,2026-03-26,60.2,60.3,良,黄色,无预警
黄山,2026-03-27,60.2,60.3,良,黄色,无预警
黄山,2026-03-28,60.2,60.3,良,黄色,无预警
黄山,2026-03-29,60.2,60.3,良,黄色,无预警
黄山,2026-03-30,60.2,60.3,良,黄色,无预警
黄山,2026-03-31,60.2,60.3,良,黄色,无预警
黄石,2026-03-25,62.0,62.1,良,黄色,无预警
黄石,2026-03-26,62.0,62.1,良,黄色,无预警
黄石,2026-03-27,62.0,62.1,良,黄色,无预警
黄石,2026-03-28,62.0,62.1,良,黄色,无预警
黄石,2026-03-29,62.0,62.1,良,黄色,无预警
黄石,2026-03-30,62.0,62.1,良,黄色,无预警
黄石,2026-03-31,62.0,62.1,良,黄色,无预警
黑河,2026-03-25,45.4,45.5,优,绿色,无预警
黑河,2026-03-26,45.4,45.5,优,绿色,无预警
黑河,2026-03-27,45.4,45.5,优,绿色,无预警
黑河,2026-03-28,45.4,45.5,优,绿色,无预警
黑河,2026-03-29,45.4,45.5,优,绿色,无预警
黑河,2026-03-30,45.4,45.5,优,绿色,无预警
黑河,2026-03-31,45.4,45.5,优,绿色,无预警
黔东南苗族侗族自治州,2026-03-25,62.8,62.9,良,黄色,无预警
黔东南苗族侗族自治州,2026-03-26,62.8,62.9,良,黄色,无预警
黔东南苗族侗族自治州,2026-03-27,62.8,62.9,良,黄色,无预警
黔东南苗族侗族自治州,2026-03-28,62.8,62.9,良,黄色,无预警
黔东南苗族侗族自治州,2026-03-29,62.8,62.9,良,黄色,无预警
黔东南苗族侗族自治州,2026-03-30,62.8,62.9,良,黄色,无预警
黔东南苗族侗族自治州,2026-03-31,62.8,62.9,良,黄色,无预警
黔南布依族苗族自治州,2026-03-25,64.6,64.7,良,黄色,无预警
黔南布依族苗族自治州,2026-03-26,64.6,64.7,良,黄色,无预警
黔南布依族苗族自治州,2026-03-27,64.6,64.7,良,黄色,无预警
黔南布依族苗族自治州,2026-03-28,64.6,64.7,良,黄色,无预警
黔南布依族苗族自治州,2026-03-29,64.6,64.7,良,黄色,无预警
黔南布依族苗族自治州,2026-03-30,64.6,64.7,良,黄色,无预警
黔南布依族苗族自治州,2026-03-31,64.6,64.7,良,黄色,无预警
黔西南布依族苗族自治州,2026-03-25,67.2,67.3,良,黄色,无预警
黔西南布依族苗族自治州,2026-03-26,67.2,67.3,良,黄色,无预警
黔西南布依族苗族自治州,2026-03-27,67.2,67.3,良,黄色,无预警
黔西南布依族苗族自治州,2026-03-28,67.2,67.3,良,黄色,无预警
黔西南布依族苗族自治州,2026-03-29,67.2,67.3,良,黄色,无预警
黔西南布依族苗族自治州,2026-03-30,67.2,67.3,良,黄色,无预警
黔西南布依族苗族自治州,2026-03-31,67.2,67.3,良,黄色,无预警
齐齐哈尔,2026-03-25,45.9,46.0,优,绿色,无预警
齐齐哈尔,2026-03-26,45.9,46.0,优,绿色,无预警
齐齐哈尔,2026-03-27,45.9,46.0,优,绿色,无预警
齐齐哈尔,2026-03-28,45.9,46.0,优,绿色,无预警
齐齐哈尔,2026-03-29,45.9,46.0,优,绿色,无预警
齐齐哈尔,2026-03-30,45.9,46.0,优,绿色,无预警
齐齐哈尔,2026-03-31,45.9,46.0,优,绿色,无预警
龙岩,2026-03-25,65.2,65.3,良,黄色,无预警
龙岩,2026-03-26,65.2,65.3,良,黄色,无预警
龙岩,2026-03-27,65.2,65.3,良,黄色,无预警
龙岩,2026-03-28,65.2,65.3,良,黄色,无预警
龙岩,2026-03-29,65.2,65.3,良,黄色,无预警
龙岩,2026-03-30,65.2,65.3,良,黄色,无预警
龙岩,2026-03-31,65.2,65.3,良,黄色,无预警
